station_a,station_b,train_before,train_after,headway_minutes
NDLS,NZM,15088,15200,120.0
NDLS,NZM,15200,16723,465.0
NDLS,NZM,16723,15219,120.0
NDLS,NZM,15219,16739,0.0
NDLS,NZM,16739,16684,15.0
NDLS,NZM,16684,15238,510.0
NDLS,NZM,15238,15127,75.0
NDLS,NZM,15127,15143,120.0
NDLS,SDAH,15128,16704,0.0
NDLS,SDAH,16704,15089,195.0
NDLS,SDAH,15089,15257,120.0
NDLS,SDAH,15257,15561,0.0
NDLS,SDAH,15561,16691,270.0
NDLS,SDAH,16691,16723,0.0
NDLS,SDAH,16723,12314,135.0
NDLS,SDAH,12314,15108,0.0
NDLS,SDAH,15108,16724,0.0
NDLS,SDAH,16724,15580,120.0
NDLS,SDAH,15580,16685,75.0
NDLS,SDAH,16685,15095,390.0
NDLS,SDAH,15095,15127,0.0
NDLS,SDAH,15127,15599,120.0
NDLS,SBC,15096,15120,0.0
NDLS,SBC,15120,15618,510.0
NDLS,SBC,15618,16692,210.0
NDLS,SBC,16692,16716,0.0
NDLS,SBC,16716,15637,315.0
NDLS,YPR,15112,15656,120.0
NDLS,YPR,15656,15097,75.0
NDLS,YPR,15097,15675,510.0
NDLS,YPR,15675,16708,15.0
NDLS,YPR,16708,16693,195.0
NDLS,SC,15129,15137,0.0
NDLS,SC,15137,16697,0.0
NDLS,SC,16697,16706,195.0
NDLS,SC,16706,15091,195.0
NDLS,SC,15091,15827,120.0
NDLS,SC,15827,12724,15.0
NDLS,SC,12724,15101,195.0
NDLS,SC,15101,16725,0.0
NDLS,SC,16725,16733,0.0
NDLS,SC,16733,15110,195.0
NDLS,SC,15110,15846,120.0
NDLS,SC,15846,16687,75.0
NDLS,VGLJ,15112,15089,195.0
NDLS,VGLJ,15089,16689,0.0
NDLS,VGLJ,16689,16017,120.0
NDLS,VGLJ,16017,15162,195.0
NDLS,VGLJ,15162,16074,0.0
NDLS,VGLJ,16074,15107,75.0
NDLS,VGLJ,15107,15131,0.0
NDLS,VGLJ,15131,15827,120.0
NDLS,VGLJ,15827,12002,15.0
NDLS,VGLJ,12002,12137,0.0
NDLS,VGLJ,12137,12138,0.0
NDLS,VGLJ,12138,12626,0.0
NDLS,VGLJ,12626,12724,0.0
NDLS,VGLJ,12724,16708,0.0
NDLS,VGLJ,16708,15093,195.0
NDLS,VGLJ,15093,16685,0.0
NDLS,VGLJ,16685,16703,390.0
NDLS,VGLJ,16703,16727,0.0
NDLS,VGLJ,16727,16055,120.0
NDLS,PNBE,16704,16112,120.0
NDLS,PNBE,16112,15138,270.0
NDLS,PNBE,15138,12274,330.0
NDLS,PNBE,12274,12302,0.0
NDLS,PNBE,12302,12304,0.0
NDLS,PNBE,12304,12306,0.0
NDLS,PNBE,12306,12310,0.0
NDLS,PNBE,12310,12392,0.0
NDLS,PNBE,12392,12394,0.0
NDLS,PNBE,12394,12802,0.0
NDLS,PNBE,12802,15108,0.0
NDLS,PNBE,15108,20818,0.0
NDLS,PNBE,20818,16093,315.0
NDLS,PNBE,16093,16734,75.0
NDLS,PPTA,12424,20502,0.0
NDLS,RNC,16705,15130,195.0
NDLS,RNC,15130,16131,315.0
NDLS,RNC,16131,15109,210.0
NDLS,RNC,15109,16726,195.0
NDLS,RNC,16726,16150,120.0
NDLS,TATA,16728,15113,195.0
NDLS,TATA,15113,16169,120.0
NDLS,TATA,16169,15122,75.0
NDLS,TATA,15122,16690,0.0
NDLS,TATA,16690,16706,0.0
NDLS,TATA,16706,15219,315.0
NDLS,TATA,15219,15132,15.0
NDLS,TATA,15132,16709,195.0
NDLS,TATA,16709,15789,120.0
NDLS,TATA,15789,15094,75.0
NDLS,TATA,15094,15110,0.0
NDLS,TATA,15110,16718,0.0
NDLS,TATA,16718,16055,315.0
NDLS,SVDK,16321,15115,270.0
NDLS,SVDK,15115,15139,0.0
NDLS,SVDK,15139,22439,135.0
NDLS,SVDK,22439,16711,585.0
NDLS,SVDK,16711,16735,0.0
NDLS,ST,15136,16736,0.0
NDLS,ST,16736,16713,195.0
NDLS,ST,16713,16473,120.0
NDLS,ST,16473,15098,75.0
NDLS,ST,15098,15122,0.0
NDLS,ST,15122,12951,330.0
NDLS,ST,12951,15140,0.0
NDLS,ST,15140,16732,0.0
NDLS,ST,16732,16492,120.0
NDLS,ST,16492,15117,75.0
NDLS,ST,15117,16694,195.0
NDLS,ST,16694,16718,0.0
NDLS,RJT,16720,15352,120.0
NDLS,RJT,15352,15808,0.0
NDLS,RJT,15808,16264,0.0
NDLS,RJT,16264,15409,195.0
NDLS,RJT,15409,15865,0.0
NDLS,RJT,15865,16321,0.0
NDLS,RJT,16321,15466,195.0
NDLS,RJT,15466,15922,0.0
NDLS,RJT,15922,16378,0.0
NDLS,RJT,16378,15523,195.0
NDLS,RJT,15523,15979,0.0
NDLS,RJT,15979,16435,0.0
NDLS,RJT,16435,15124,15.0
NDLS,RJT,15124,15580,120.0
NDLS,RJT,15580,15884,0.0
NDLS,RJT,15884,16036,0.0
NDLS,RJT,16036,16492,0.0
NDLS,RJT,16492,15181,195.0
NDLS,RJT,15181,15637,0.0
NDLS,RJT,15637,16093,0.0
NDLS,RJT,16093,16549,0.0
NDLS,RJT,16549,15238,195.0
NDLS,RJT,15238,15694,0.0
NDLS,RJT,15694,15998,0.0
NDLS,RJT,15998,16150,0.0
NDLS,RJT,16150,16454,0.0
NDLS,RJT,16454,16606,0.0
NDLS,RJT,16606,15295,195.0
NDLS,RJT,15295,15751,0.0
NDLS,RJT,15751,16207,0.0
NDLS,RJT,16207,16663,0.0
NDLS,PUNE,16712,15137,195.0
NDLS,PUNE,15137,16721,0.0
NDLS,PUNE,16721,16169,120.0
NDLS,PUNE,16169,16714,75.0
NDLS,PUNE,16714,16530,120.0
NDLS,PUNE,16530,15099,75.0
NDLS,PUNE,15099,15675,120.0
NDLS,PUNE,15675,15116,15.0
NDLS,PUNE,15116,16340,120.0
NDLS,PUNE,16340,15125,75.0
NDLS,PUNE,15125,16733,0.0
NDLS,PUNE,16733,15118,195.0
NDLS,PUNE,15118,15390,120.0
NDLS,PUNE,15390,16695,75.0
NDLS,NGP,16704,16722,390.0
NDLS,NGP,16722,16530,120.0
NDLS,NGP,16530,16435,195.0
NDLS,NGP,16435,12622,15.0
NDLS,NGP,12622,12626,0.0
NDLS,NGP,12626,12724,0.0
NDLS,NGP,12724,15108,0.0
NDLS,NGP,15108,16036,120.0
NDLS,NGP,16036,15181,195.0
NDLS,NGP,15181,16549,0.0
NDLS,NGP,16549,15126,75.0
NDLS,NGP,15126,15846,120.0
NDLS,UBL,15808,16416,0.0
NDLS,UBL,16416,15129,75.0
NDLS,UBL,15129,16737,0.0
NDLS,UBL,16737,16074,315.0
NDLS,UBL,16074,15141,405.0
NDLS,UBL,15141,16725,0.0
NDLS,UBL,16725,16549,120.0
NDLS,UBL,16549,15238,195.0
NDLS,TVC,16264,16729,75.0
NDLS,TVC,16729,15130,195.0
NDLS,TVC,15130,12626,330.0
NDLS,TVC,12626,15133,195.0
NDLS,TVC,15133,16726,195.0
NDLS,TVC,16726,15542,120.0
NDLS,TVC,15542,16606,0.0
NDLS,PURI,15136,16738,390.0
NDLS,PURI,16738,12802,330.0
NDLS,PURI,12802,16732,0.0
NDLS,PURI,16732,15142,390.0
NDLS,PURI,15142,16663,315.0
NDLS,R,15137,16737,0.0
NDLS,R,16737,15122,195.0
NDLS,R,15122,16730,0.0
NDLS,R,16730,16699,195.0
NDLS,R,16699,15141,330.0
NDLS,R,15141,16733,0.0
NDLS,R,16733,15134,195.0
NDLS,R,15134,16718,0.0
NDLS,R,16718,15103,195.0
NDLS,VSKP,16714,15139,195.0
NDLS,VSKP,15139,15118,525.0
NDLS,VSKP,15118,16735,195.0
DLI,NZM,15184,15249,435.0
DLI,NZM,15249,16739,150.0
DLI,NZM,16739,15143,720.0
DLI,MMCT,15168,15145,195.0
DLI,MMCT,15145,15306,435.0
DLI,MMCT,15306,16741,285.0
DLI,LTT,15144,16744,0.0
DLI,LTT,16744,15148,720.0
DLI,LTT,15148,16740,0.0
DLI,LTT,16740,15477,435.0
DLI,HWH,15193,16745,0.0
DLI,HWH,16745,15149,720.0
DLI,HWH,15149,15534,435.0
DLI,SDAH,15184,15591,105.0
DLI,SDAH,15591,15185,90.0
DLI,SDAH,15185,15146,195.0
DLI,SDAH,15146,16746,0.0
DLI,SDAH,16746,15165,525.0
DLI,SDAH,15165,15150,195.0
DLI,SDAH,15150,16742,0.0
DLI,SBC,15177,16747,390.0
DLI,SBC,16747,15151,720.0
DLI,YPR,15152,15169,195.0
DLI,YPR,15169,15648,45.0
DLI,YPR,15648,16748,480.0
DLI,MAS,15153,15161,0.0
DLI,MAS,15161,15185,0.0
DLI,MAS,15185,15648,45.0
DLI,MAS,15648,15705,195.0
DLI,MAS,15705,15147,150.0
DLI,MAS,15147,15363,240.0
DLI,MAS,15363,16749,90.0
DLI,MAS,16749,15166,195.0
DLI,MAS,15166,16743,195.0
DLI,MS,15153,15154,195.0
DLI,MS,15154,15762,240.0
DLI,MS,15762,16749,285.0
DLI,MS,16749,16750,195.0
DLI,HYB,15145,15155,390.0
DLI,HYB,15155,15819,240.0
DLI,HYB,15819,16741,90.0
DLI,HYB,16741,16751,390.0
DLI,SC,16744,16752,0.0
DLI,SC,16752,15186,390.0
DLI,SC,15186,15194,0.0
DLI,SC,15194,15148,330.0
DLI,SC,15148,15156,0.0
DLI,SC,15156,15167,585.0
DLI,LKO,16753,15186,195.0
DLI,LKO,15186,15157,525.0
DLI,LKO,15157,15876,45.0
DLI,GKP,16047,15161,90.0
DLI,GKP,15161,15154,195.0
DLI,GKP,15154,16750,720.0
DLI,VGLJ,15169,15146,195.0
DLI,VGLJ,15146,15162,0.0
DLI,VGLJ,15162,16746,0.0
DLI,VGLJ,16746,15188,330.0
DLI,VGLJ,15188,15150,390.0
DLI,VGLJ,15150,16742,0.0
DLI,PNBE,16104,15163,345.0
DLI,PNBE,15163,15195,0.0
DLI,RNC,15187,15164,135.0
DLI,TATA,15170,16161,45.0
DLI,TATA,16161,15179,150.0
DLI,TATA,15179,16747,0.0
DLI,TATA,16747,15165,330.0
DLI,TATA,15165,15189,0.0
DLI,TATA,15189,15151,390.0
DLI,FZR,15152,15168,0.0
DLI,FZR,15168,15155,585.0
DLI,FZR,15155,15171,0.0
DLI,FZR,15171,16218,45.0
DLI,FZR,16218,16748,90.0
DLI,FZR,16748,16275,105.0
DLI,FZR,16275,15190,285.0
DLI,FZR,15190,15477,45.0
DLI,FZR,15477,16751,150.0
DLI,JAT,15169,15147,390.0
DLI,JAT,15147,16743,720.0
DLI,SVDK,15170,15196,330.0
DLI,JP,15153,15171,390.0
DLI,JP,15171,15172,135.0
DLI,JP,15172,15188,0.0
DLI,JP,15188,16749,195.0
DLI,JP,16749,15876,45.0
DLI,JP,15876,16332,0.0
DLI,JP,16332,15191,345.0
DLI,JP,15191,15990,45.0
DLI,KOTA,16161,15172,285.0
DLI,KOTA,15172,15180,0.0
DLI,KOTA,15180,16332,240.0
DLI,INDB,15192,15135,105.0
DLI,INDB,15135,15591,0.0
DLI,INDB,15591,16047,0.0
DLI,INDB,16047,16503,0.0
DLI,INDB,16503,15648,135.0
DLI,INDB,15648,16104,0.0
DLI,INDB,16104,16560,0.0
DLI,INDB,16560,15154,150.0
DLI,INDB,15154,15249,45.0
DLI,INDB,15249,15705,0.0
DLI,INDB,15705,16161,0.0
DLI,INDB,16161,16617,0.0
DLI,INDB,16617,15306,195.0
DLI,INDB,15306,15762,0.0
DLI,INDB,15762,16218,0.0
DLI,INDB,16218,16674,0.0
DLI,INDB,16674,15164,90.0
DLI,INDB,15164,15363,105.0
DLI,INDB,15363,15819,0.0
DLI,INDB,15819,16275,0.0
DLI,INDB,16275,16731,0.0
DLI,INDB,16731,15173,90.0
DLI,INDB,15173,15420,45.0
DLI,INDB,15420,15876,0.0
DLI,INDB,15876,16332,0.0
DLI,INDB,16332,15174,150.0
DLI,INDB,15174,16750,0.0
DLI,INDB,16750,15477,45.0
DLI,INDB,15477,15933,0.0
DLI,INDB,15933,16389,0.0
DLI,INDB,16389,15534,195.0
DLI,INDB,15534,15990,0.0
DLI,INDB,15990,16446,0.0
DLI,GWL,16752,15156,720.0
DLI,GWL,15156,15175,585.0
DLI,GWL,15175,16446,45.0
DLI,ST,15177,15193,0.0
DLI,ST,15193,15155,390.0
DLI,ST,15155,15197,330.0
DLI,ST,15197,15174,195.0
DLI,ST,15174,16751,195.0
DLI,ST,16751,15534,45.0
DLI,RJT,15179,15181,330.0
DLI,PUNE,16752,16104,240.0
DLI,PUNE,16104,15194,150.0
DLI,PUNE,15194,15762,240.0
DLI,PUNE,15762,15156,90.0
DLI,PUNE,15156,15180,0.0
DLI,PUNE,15180,15173,195.0
DLI,PUNE,15173,16389,240.0
DLI,PUNE,16389,15175,150.0
DLI,NGP,16560,15165,675.0
DLI,NGP,15165,15181,0.0
DLI,MAO,16753,15157,720.0
DLI,MAO,15157,15182,195.0
DLI,MYS,15176,16745,195.0
DLI,MYS,16745,16753,0.0
DLI,MYS,16753,15195,390.0
DLI,MYS,15195,15149,330.0
DLI,MYS,15149,15157,0.0
DLI,MYS,15157,15183,390.0
DLI,TVC,15185,15190,915.0
DLI,ERS,15177,15186,195.0
DLI,ERS,15186,16754,0.0
DLI,ERS,16754,16617,45.0
DLI,ERS,16617,15196,285.0
DLI,ERS,15196,15158,390.0
DLI,ERS,15158,15182,0.0
DLI,MDU,16503,15178,285.0
DLI,MDU,15178,16754,0.0
DLI,MDU,16754,16755,195.0
DLI,MDU,16755,15189,330.0
DLI,MDU,15189,15197,0.0
DLI,MDU,15197,15158,195.0
DLI,MDU,15158,15933,45.0
DLI,MDU,15933,15159,150.0
DLI,R,15160,15192,0.0
DLI,R,15192,16047,105.0
DLI,R,16047,15179,480.0
DLI,R,15179,15191,720.0
DLI,R,15191,16446,45.0
DLI,VSKP,15194,15175,915.0
DLI,GHY,16755,15196,135.0
DLI,GHY,15196,16275,105.0
DLI,GHY,16275,15159,480.0
NZM,SDAH,15127,16039,0.0
NZM,SDAH,16039,16495,0.0
NZM,SDAH,16495,15241,90.0
NZM,SDAH,15241,15184,45.0
NZM,SDAH,15184,15640,0.0
NZM,SDAH,15640,16096,0.0
NZM,SDAH,16096,16552,0.0
NZM,SDAH,16552,15242,150.0
NZM,SDAH,15242,15697,45.0
NZM,SDAH,15697,16153,0.0
NZM,SDAH,16153,16609,0.0
NZM,SDAH,16609,15203,150.0
NZM,SDAH,15203,15298,45.0
NZM,SDAH,15298,15754,0.0
NZM,SDAH,15754,16210,0.0
NZM,SDAH,16210,16666,0.0
NZM,SDAH,16666,15204,90.0
NZM,SDAH,15204,15355,105.0
NZM,SDAH,15355,15811,0.0
NZM,SDAH,15811,16267,0.0
NZM,SDAH,16267,16723,0.0
NZM,SDAH,16723,15412,135.0
NZM,SDAH,15412,15868,0.0
NZM,SDAH,15868,16324,0.0
NZM,SDAH,16324,15222,150.0
NZM,SDAH,15222,15469,45.0
NZM,SDAH,15469,15925,0.0
NZM,SDAH,15925,16381,0.0
NZM,SDAH,16381,15526,195.0
NZM,SDAH,15526,15982,0.0
NZM,SDAH,15982,16438,0.0
NZM,SDAH,16438,15583,75.0
NZM,SBC,15640,15234,150.0
NZM,SBC,15234,22692,330.0
NZM,SBC,22692,15205,195.0
NZM,YPR,15226,15412,570.0
NZM,YPR,15412,15206,150.0
NZM,SC,15224,15210,390.0
NZM,SC,15210,15243,195.0
NZM,SC,15243,15251,0.0
NZM,SC,15251,12438,135.0
NZM,SC,12438,22692,0.0
NZM,SC,22692,15205,195.0
NZM,VGLJ,15216,15226,390.0
NZM,VGLJ,15226,15203,195.0
NZM,VGLJ,15203,12191,135.0
NZM,VGLJ,12191,12192,0.0
NZM,VGLJ,12192,15245,195.0
NZM,VGLJ,15245,15207,390.0
NZM,PNBE,15217,16096,45.0
NZM,PNBE,16096,15868,720.0
NZM,PNBE,15868,15982,390.0
NZM,RNC,15218,16153,45.0
NZM,RNC,16153,15244,285.0
NZM,TATA,15208,15219,585.0
NZM,TATA,15219,15227,0.0
NZM,TATA,15227,15236,135.0
NZM,TATA,15236,15246,390.0
NZM,SVDK,15224,16324,960.0
NZM,ST,15250,12432,330.0
NZM,ST,12432,12618,0.0
NZM,ST,12618,12954,0.0
NZM,ST,12954,15212,0.0
NZM,ST,15212,15231,585.0
NZM,RJT,15233,15238,915.0
NZM,RJT,15238,15583,315.0
NZM,PUNE,15232,15234,390.0
NZM,PUNE,15234,15251,195.0
NZM,PUNE,15251,12191,135.0
NZM,PUNE,12191,12192,0.0
NZM,PUNE,12192,15213,195.0
NZM,PUNE,15213,15230,195.0
NZM,UBL,16039,15184,135.0
NZM,UBL,15184,15198,870.0
NZM,UBL,15198,15238,0.0
NZM,UBL,15238,16438,240.0
NZM,TVC,16609,12432,285.0
NZM,TVC,12432,15239,585.0
NZM,TVC,15239,15247,0.0
NZM,PURI,15298,16666,0.0
NZM,PURI,16666,15245,285.0
NZM,PURI,15245,15199,390.0
NZM,R,15248,15217,195.0
NZM,R,15217,15236,525.0
NZM,R,15236,15198,390.0
NZM,R,15198,15246,0.0
NZM,VSKP,15232,15248,0.0
ANVT,MMCT,15353,15282,75.0
ANVT,MMCT,15282,15315,315.0
ANVT,MMCT,15315,15252,15.0
ANVT,MMCT,15252,15347,105.0
ANVT,MMCT,15347,15334,405.0
ANVT,CSMT,15274,15372,450.0
ANVT,CSMT,15372,15253,75.0
ANVT,CSMT,15253,15404,45.0
ANVT,CSMT,15404,15391,465.0
ANVT,BDTS,15448,15297,75.0
ANVT,BDTS,15297,15201,120.0
ANVT,BDTS,15201,15266,75.0
ANVT,BDTS,15266,15410,120.0
ANVT,BDTS,15410,15259,75.0
ANVT,BDTS,15259,15429,450.0
ANVT,BDTS,15429,15254,75.0
ANVT,BDTS,15254,15278,0.0
ANVT,LTT,15600,16056,0.0
ANVT,LTT,16056,16512,0.0
ANVT,LTT,16512,15201,195.0
ANVT,LTT,15201,15505,0.0
ANVT,LTT,15505,15657,0.0
ANVT,LTT,15657,16113,0.0
ANVT,LTT,16113,16569,0.0
ANVT,LTT,16569,15258,75.0
ANVT,LTT,15258,15714,120.0
ANVT,LTT,15714,16170,0.0
ANVT,LTT,16170,16626,0.0
ANVT,LTT,16626,15315,195.0
ANVT,LTT,15315,15467,0.0
ANVT,LTT,15467,15771,0.0
ANVT,LTT,15771,16227,0.0
ANVT,LTT,16227,16683,0.0
ANVT,LTT,16683,15372,135.0
ANVT,LTT,15372,15828,0.0
ANVT,LTT,15828,16284,0.0
ANVT,LTT,16284,15429,195.0
ANVT,LTT,15429,15885,0.0
ANVT,LTT,15885,16341,0.0
ANVT,LTT,16341,15461,120.0
ANVT,LTT,15461,15486,75.0
ANVT,LTT,15486,15942,0.0
ANVT,LTT,15942,16398,0.0
ANVT,LTT,16398,15255,75.0
ANVT,LTT,15255,15087,120.0
ANVT,LTT,15087,15543,0.0
ANVT,LTT,15543,15999,0.0
ANVT,LTT,15999,16455,0.0
ANVT,HWH,15256,15524,840.0
ANVT,HWH,15524,15518,510.0
ANVT,HWH,15518,15543,75.0
ANVT,SDAH,15575,15600,15.0
ANVT,SDAH,15600,15257,75.0
ANVT,SDAH,15257,15298,195.0
ANVT,SDAH,15298,15410,120.0
ANVT,SDAH,15410,15562,0.0
ANVT,SDAH,15562,15299,75.0
ANVT,SDAH,15299,15260,135.0
ANVT,SDAH,15260,15581,315.0
ANVT,SDAH,15581,15279,270.0
ANVT,SBC,15632,15258,150.0
ANVT,SBC,15258,15291,195.0
ANVT,SBC,15291,15619,120.0
ANVT,SBC,15619,15638,525.0
ANVT,YPR,15657,15689,120.0
ANVT,YPR,15689,15259,150.0
ANVT,YPR,15259,15283,0.0
ANVT,YPR,15283,15676,255.0
ANVT,YPR,15676,15461,315.0
ANVT,MAS,15280,15714,510.0
ANVT,MAS,15714,15275,75.0
ANVT,MAS,15275,15299,0.0
ANVT,MAS,15299,15260,135.0
ANVT,MAS,15260,15261,195.0
ANVT,MAS,15261,15733,120.0
ANVT,MAS,15733,15695,390.0
ANVT,MS,15752,15267,465.0
ANVT,MS,15267,15746,45.0
ANVT,MS,15746,15771,75.0
ANVT,MS,15771,15261,210.0
ANVT,HYB,15809,15259,270.0
ANVT,HYB,15259,15803,240.0
ANVT,HYB,15803,15262,285.0
ANVT,HYB,15262,15790,120.0
ANVT,SC,15281,15315,510.0
ANVT,SC,15315,15300,15.0
ANVT,SC,15300,15828,120.0
ANVT,SC,15828,15860,120.0
ANVT,SC,15860,15262,150.0
ANVT,SC,15262,15263,195.0
ANVT,SC,15263,15695,120.0
ANVT,SC,15695,15847,0.0
ANVT,LKO,15264,15866,510.0
ANVT,LKO,15866,15300,210.0
ANVT,LKO,15300,15885,315.0
ANVT,CNB,15904,15265,75.0
ANVT,CNB,15265,15562,315.0
ANVT,CNB,15562,15467,195.0
ANVT,CNB,15467,15923,0.0
ANVT,CNB,15923,12368,15.0
ANVT,CNB,12368,15292,0.0
ANVT,CNB,15292,15917,435.0
ANVT,BSB,15961,15266,75.0
ANVT,BSB,15266,15282,0.0
ANVT,BSB,15282,15284,330.0
ANVT,BSB,15284,15301,195.0
ANVT,BSB,15301,15942,315.0
ANVT,BSB,15942,15263,75.0
ANVT,BSB,15263,15974,45.0
ANVT,AY,15904,15267,465.0
ANVT,AY,15267,15276,135.0
ANVT,AY,15276,15980,120.0
ANVT,AY,15980,15942,390.0
ANVT,AY,15942,15999,195.0
ANVT,GKP,16031,15106,405.0
ANVT,GKP,15106,15866,0.0
ANVT,GKP,15866,16018,0.0
ANVT,GKP,16018,15268,210.0
ANVT,GKP,15268,15980,120.0
ANVT,GKP,15980,16037,195.0
ANVT,GKP,16037,16702,195.0
ANVT,GKP,16702,15518,120.0
ANVT,VGLJ,15264,16056,120.0
ANVT,VGLJ,16056,15657,195.0
ANVT,VGLJ,15657,15283,270.0
ANVT,VGLJ,15283,16075,120.0
ANVT,VGLJ,16075,15260,15.0
ANVT,VGLJ,15260,15372,120.0
ANVT,VGLJ,15372,15269,75.0
ANVT,VGLJ,15269,15302,195.0
ANVT,PNBE,16088,16113,75.0
ANVT,PNBE,16113,16018,195.0
ANVT,PNBE,16018,15163,195.0
ANVT,PNBE,15163,12368,15.0
ANVT,PNBE,12368,15252,0.0
ANVT,PNBE,15252,15828,120.0
ANVT,PNBE,15828,15270,270.0
ANVT,PNBE,15270,16094,120.0
ANVT,RNC,16088,16145,195.0
ANVT,RNC,16145,15746,195.0
ANVT,RNC,15746,16132,210.0
ANVT,RNC,16132,15301,75.0
ANVT,RNC,15301,15271,390.0
ANVT,RNC,15271,16151,120.0
ANVT,TATA,15272,15265,195.0
ANVT,TATA,15265,16170,315.0
ANVT,TATA,16170,15284,210.0
ANVT,TATA,15284,15293,195.0
ANVT,TATA,15293,15303,390.0
ANVT,CDG,16056,16208,0.0
ANVT,CDG,16208,15273,75.0
ANVT,CDG,15273,16202,435.0
ANVT,CDG,16202,15220,210.0
ANVT,CDG,15220,15285,75.0
ANVT,CDG,15285,16189,120.0
ANVT,CDG,16189,15790,195.0
ANVT,ASR,15448,15904,0.0
ANVT,ASR,15904,16360,0.0
ANVT,ASR,16360,15505,195.0
ANVT,ASR,15505,15961,0.0
ANVT,ASR,15961,16417,0.0
ANVT,ASR,16417,15274,75.0
ANVT,ASR,15274,15106,120.0
ANVT,ASR,15106,15562,0.0
ANVT,ASR,15562,16018,0.0
ANVT,ASR,16018,16474,0.0
ANVT,ASR,16474,15163,195.0
ANVT,ASR,15163,15619,0.0
ANVT,ASR,15619,16075,0.0
ANVT,ASR,16075,16227,0.0
ANVT,ASR,16227,16531,0.0
ANVT,ASR,16531,15220,135.0
ANVT,ASR,15220,15524,0.0
ANVT,ASR,15524,15676,0.0
ANVT,ASR,15676,16132,0.0
ANVT,ASR,16132,16588,0.0
ANVT,ASR,16588,15277,75.0
ANVT,ASR,15277,15733,120.0
ANVT,ASR,15733,16189,0.0
ANVT,ASR,16189,16645,0.0
ANVT,ASR,16645,15334,195.0
ANVT,ASR,15334,15790,0.0
ANVT,ASR,15790,16246,0.0
ANVT,ASR,16246,16702,0.0
ANVT,ASR,16702,15391,195.0
ANVT,ASR,15391,15847,0.0
ANVT,ASR,15847,16303,0.0
ANVT,FZR,15304,16265,315.0
ANVT,FZR,16265,15266,75.0
ANVT,FZR,15266,15275,195.0
ANVT,FZR,15275,16259,240.0
ANVT,FZR,16259,15269,90.0
ANVT,FZR,15269,15285,0.0
ANVT,JAT,15619,15276,15.0
ANVT,JAT,15276,16284,120.0
ANVT,JAT,16284,15261,75.0
ANVT,JAT,15261,15429,120.0
ANVT,JAT,15429,16189,0.0
ANVT,JAT,16189,16303,390.0
ANVT,SVDK,15752,16322,390.0
ANVT,SVDK,16322,15253,405.0
ANVT,SVDK,15253,15277,0.0
ANVT,SVDK,15277,16316,45.0
ANVT,SVDK,16316,16094,270.0
ANVT,JP,15575,15267,480.0
ANVT,JP,15267,16341,450.0
ANVT,JP,16341,15278,75.0
ANVT,JP,15278,15286,0.0
ANVT,JP,15286,15302,0.0
ANVT,KOTA,16360,16379,585.0
ANVT,KOTA,16379,15294,405.0
ANVT,KOTA,15294,16373,45.0
ANVT,KOTA,16373,15279,150.0
ANVT,BPL,15280,15286,1110.0
ANVT,BPL,15286,15917,45.0
ANVT,BPL,15917,16398,75.0
ANVT,INDB,15119,15281,90.0
ANVT,INDB,15281,16417,120.0
ANVT,INDB,16417,15268,405.0
ANVT,INDB,15268,16715,105.0
ANVT,INDB,16715,15278,285.0
ANVT,INDB,15278,15287,195.0
ANVT,GWL,16360,15282,270.0
ANVT,GWL,15282,15714,120.0
ANVT,GWL,15714,16132,330.0
ANVT,GWL,16132,16436,0.0
ANVT,GWL,16436,15270,270.0
ANVT,GWL,15270,15334,120.0
ANVT,GWL,15334,16430,120.0
ANVT,ST,15288,16487,105.0
ANVT,ST,16487,16474,405.0
ANVT,ST,16474,16227,195.0
ANVT,ST,16227,15284,15.0
ANVT,ST,15284,16284,120.0
ANVT,ST,16284,15269,75.0
ANVT,ST,15269,15581,120.0
ANVT,ST,15581,15254,75.0
ANVT,ST,15254,15486,120.0
ANVT,BRC,15285,16493,120.0
ANVT,BRC,16493,15303,270.0
ANVT,RJT,16512,15961,195.0
ANVT,RJT,15961,15233,120.0
ANVT,RJT,15233,16474,75.0
ANVT,RJT,16474,15923,195.0
ANVT,RJT,15923,15803,120.0
ANVT,RJT,15803,16493,210.0
ANVT,RJT,16493,15286,75.0
ANVT,RJT,15286,15295,195.0
ANVT,PUNE,16512,15289,75.0
ANVT,PUNE,15289,16544,45.0
ANVT,PUNE,16544,16721,75.0
ANVT,PUNE,16721,16531,390.0
ANVT,PUNE,16531,16259,120.0
ANVT,PUNE,16259,15125,210.0
ANVT,PUNE,15125,15885,0.0
ANVT,PUNE,15885,15270,75.0
ANVT,PUNE,15270,15287,195.0
ANVT,PUNE,15287,15999,120.0
ANVT,PUNE,15999,16455,0.0
ANVT,NGP,15288,16170,510.0
ANVT,NGP,16170,15676,330.0
ANVT,NGP,15676,16341,195.0
ANVT,NGP,16341,16550,195.0
ANVT,NGP,16550,15279,75.0
ANVT,NGP,15279,15391,120.0
ANVT,MAO,15289,15632,45.0
ANVT,MAO,15632,16569,75.0
ANVT,MAO,16569,16202,315.0
ANVT,MAO,16202,16531,75.0
ANVT,MAO,16531,16436,135.0
ANVT,MAO,16436,16316,120.0
ANVT,MAO,16316,16037,75.0
ANVT,MAO,16037,15182,195.0
ANVT,MAO,15182,15271,75.0
ANVT,MAO,15271,15847,120.0
ANVT,MYS,15119,15575,0.0
ANVT,MYS,15575,16031,0.0
ANVT,MYS,16031,16487,0.0
ANVT,MYS,16487,15176,135.0
ANVT,MYS,15176,15632,0.0
ANVT,MYS,15632,16088,0.0
ANVT,MYS,16088,16544,0.0
ANVT,MYS,16544,15290,150.0
ANVT,MYS,15290,15233,45.0
ANVT,MYS,15233,15689,0.0
ANVT,MYS,15689,16145,0.0
ANVT,MYS,16145,16601,0.0
ANVT,MYS,16601,15746,195.0
ANVT,MYS,15746,16202,0.0
ANVT,MYS,16202,16658,0.0
ANVT,MYS,16658,15252,90.0
ANVT,MYS,15252,15347,105.0
ANVT,MYS,15347,15803,0.0
ANVT,MYS,15803,16259,0.0
ANVT,MYS,16259,16715,0.0
ANVT,MYS,16715,16588,15.0
ANVT,MYS,16588,15404,120.0
ANVT,MYS,15404,15860,0.0
ANVT,MYS,15860,16316,0.0
ANVT,MYS,16316,15461,195.0
ANVT,MYS,15461,15917,0.0
ANVT,MYS,15917,16373,0.0
ANVT,MYS,16373,15263,150.0
ANVT,MYS,15263,15271,0.0
ANVT,MYS,15271,15518,45.0
ANVT,MYS,15518,15974,0.0
ANVT,MYS,15974,16430,0.0
ANVT,UBL,16601,15291,150.0
ANVT,UBL,15291,15255,720.0
ANVT,TVC,15304,15809,315.0
ANVT,TVC,15809,16417,0.0
ANVT,TVC,16417,16075,390.0
ANVT,TVC,16075,15292,15.0
ANVT,TVC,15292,16550,510.0
ANVT,TVC,16550,15239,195.0
ANVT,TVC,15239,16607,0.0
ANVT,ERS,15272,15296,0.0
ANVT,ERS,15296,15752,120.0
ANVT,ERS,15752,16208,0.0
ANVT,ERS,16208,16664,0.0
ANVT,ERS,16664,15353,195.0
ANVT,ERS,15353,15809,0.0
ANVT,ERS,15809,16265,0.0
ANVT,ERS,16265,16721,0.0
ANVT,ERS,16721,15410,195.0
ANVT,ERS,15410,15866,0.0
ANVT,ERS,15866,16322,0.0
ANVT,ERS,16322,16626,0.0
ANVT,ERS,16626,15291,75.0
ANVT,ERS,15291,15467,120.0
ANVT,ERS,15467,15923,0.0
ANVT,ERS,15923,16379,0.0
ANVT,ERS,16379,15524,135.0
ANVT,ERS,15524,15980,0.0
ANVT,ERS,15980,16436,0.0
ANVT,ERS,16436,15253,75.0
ANVT,ERS,15253,15293,0.0
ANVT,ERS,15293,15125,120.0
ANVT,ERS,15125,15581,0.0
ANVT,ERS,15581,16037,0.0
ANVT,ERS,16037,16493,0.0
ANVT,ERS,16493,15182,195.0
ANVT,ERS,15182,15638,0.0
ANVT,ERS,15638,16094,0.0
ANVT,ERS,16094,16550,0.0
ANVT,ERS,16550,15239,195.0
ANVT,ERS,15239,15543,0.0
ANVT,ERS,15543,15695,0.0
ANVT,ERS,15695,16151,0.0
ANVT,ERS,16151,16607,0.0
ANVT,CLT,15288,15294,1110.0
ANVT,CBE,15280,15448,120.0
ANVT,CBE,15448,16208,0.0
ANVT,CBE,16208,16145,315.0
ANVT,CBE,16145,16322,75.0
ANVT,CBE,16322,15347,315.0
ANVT,CBE,15347,16645,210.0
ANVT,CBE,16645,16373,120.0
ANVT,CBE,16373,15638,75.0
ANVT,CBE,15638,15295,75.0
ANVT,CBE,15295,16607,120.0
ANVT,MDU,15272,15296,0.0
ANVT,MDU,15296,15273,195.0
ANVT,MDU,15273,16113,120.0
ANVT,MDU,16113,16569,0.0
ANVT,MDU,16569,15771,390.0
ANVT,MDU,15771,15292,15.0
ANVT,MDU,15292,15254,390.0
ANVT,MDU,15254,16398,120.0
ANVT,BBS,15264,15297,195.0
ANVT,BBS,15297,16658,435.0
ANVT,PURI,15256,16664,120.0
ANVT,PURI,16664,15298,270.0
ANVT,R,16487,15274,285.0
ANVT,R,15274,15299,195.0
ANVT,R,15299,15293,330.0
ANVT,R,15293,15255,390.0
ANVT,R,15255,15974,45.0
ANVT,BSP,15297,15300,525.0
ANVT,VSKP,16664,15289,75.0
ANVT,VSKP,15289,15353,120.0
ANVT,VSKP,15353,15689,120.0
ANVT,VSKP,15689,16601,0.0
ANVT,VSKP,16601,16658,195.0
ANVT,VSKP,16658,16379,75.0
ANVT,VSKP,16379,16588,135.0
ANVT,VSKP,16588,15301,75.0
ANVT,VSKP,15301,15404,45.0
ANVT,VSKP,15404,15733,75.0
ANVT,VSKP,15733,16151,390.0
ANVT,BZA,15256,15281,195.0
ANVT,BZA,15281,16544,45.0
ANVT,BZA,16544,15275,345.0
ANVT,BZA,15275,15860,375.0
ANVT,BZA,15860,15294,150.0
ANVT,BZA,15294,15302,0.0
ANVT,GHY,15600,15273,75.0
ANVT,GHY,15273,15505,120.0
ANVT,GHY,15505,16626,195.0
ANVT,GHY,16626,16645,525.0
ANVT,GHY,16645,16246,195.0
ANVT,GHY,16246,15303,75.0
ANVT,GHY,15303,16303,120.0
MMCT,SDAH,15336,15567,105.0
MMCT,SDAH,15567,15355,480.0
MMCT,SDAH,15355,15356,135.0
MMCT,SDAH,15356,15309,195.0
MMCT,SDAH,15309,15317,0.0
MMCT,SBC,15624,15348,480.0
MMCT,SBC,15348,15310,390.0
MMCT,YPR,15681,15340,285.0
MMCT,YPR,15340,15311,585.0
MMCT,MS,15313,15738,435.0
MMCT,MS,15738,15324,90.0
MMCT,SC,15338,15315,195.0
MMCT,SC,15315,15738,45.0
MMCT,SC,15738,15308,90.0
MMCT,SC,15308,15852,240.0
MMCT,SC,15852,15319,345.0
MMCT,VGLJ,15321,16080,45.0
MMCT,VGLJ,16080,15340,480.0
MMCT,VGLJ,15340,15317,195.0
MMCT,PNBE,15567,15322,285.0
MMCT,PNBE,15322,15309,525.0
MMCT,RNC,16137,15323,150.0
MMCT,TATA,15322,15324,330.0
MMCT,TATA,15324,15341,195.0
MMCT,TATA,15341,15350,195.0
MMCT,TATA,15350,15909,45.0
MMCT,SVDK,15329,16308,765.0
MMCT,SVDK,16308,15310,150.0
MMCT,ST,15336,16479,105.0
MMCT,ST,16479,15345,90.0
MMCT,ST,15345,15307,390.0
MMCT,ST,15307,12009,135.0
MMCT,ST,12009,12952,0.0
MMCT,ST,12952,12953,0.0
MMCT,ST,12953,15326,390.0
MMCT,ST,15326,15311,195.0
MMCT,RJT,15352,15338,390.0
MMCT,PUNE,15344,16536,240.0
MMCT,PUNE,16536,15346,150.0
MMCT,PUNE,15346,16137,45.0
MMCT,PUNE,16137,15339,150.0
MMCT,PUNE,15339,15308,135.0
MMCT,PUNE,15308,16365,435.0
MMCT,PUNE,16365,15327,150.0
MMCT,NGP,15336,15340,720.0
MMCT,MYS,15320,15328,0.0
MMCT,MYS,15328,15347,585.0
MMCT,MYS,15347,15309,330.0
MMCT,MYS,15309,15342,195.0
MMCT,UBL,15312,16479,105.0
MMCT,UBL,16479,16593,330.0
MMCT,UBL,16593,15966,795.0
MMCT,UBL,15966,15343,75.0
MMCT,PURI,15313,15350,915.0
MMCT,R,15312,15305,195.0
MMCT,R,15305,15331,390.0
MMCT,R,15331,15350,525.0
MMCT,R,15350,15351,195.0
MMCT,VSKP,15353,15346,195.0
CSMT,LTT,15372,15358,390.0
CSMT,LTT,15358,15502,240.0
CSMT,HWH,15364,15359,585.0
CSMT,SDAH,15360,15559,105.0
CSMT,SDAH,15559,15393,90.0
CSMT,SDAH,15393,15374,915.0
CSMT,SBC,15361,15616,45.0
CSMT,SBC,15616,15405,675.0
CSMT,YPR,15362,15673,45.0
CSMT,YPR,15673,15397,480.0
CSMT,MAS,15394,15363,195.0
CSMT,MAS,15363,15730,45.0
CSMT,MAS,15730,15389,285.0
CSMT,MAS,15389,15375,390.0
CSMT,MS,15364,15381,195.0
CSMT,HYB,15559,15787,720.0
CSMT,HYB,15787,15365,90.0
CSMT,HYB,15365,15373,0.0
CSMT,SC,15376,15395,585.0
CSMT,SC,15395,15357,330.0
CSMT,SC,15357,15365,0.0
CSMT,SC,15365,15844,45.0
CSMT,SC,15844,15366,150.0
CSMT,LKO,15357,15901,240.0
CSMT,LKO,15901,15367,150.0
CSMT,GKP,15371,15382,525.0
CSMT,VGLJ,16072,15378,150.0
CSMT,VGLJ,15378,12137,330.0
CSMT,VGLJ,12137,15372,0.0
CSMT,VGLJ,15372,15397,195.0
CSMT,VGLJ,15397,15374,195.0
CSMT,VGLJ,15374,15359,195.0
CSMT,PNBE,15217,15787,390.0
CSMT,PNBE,15787,15373,90.0
CSMT,PNBE,15373,15366,195.0
CSMT,RNC,16129,15358,675.0
CSMT,RNC,15358,15374,0.0
CSMT,TATA,15360,15379,585.0
CSMT,TATA,15379,16186,45.0
CSMT,TATA,16186,15398,480.0
CSMT,TATA,15398,15375,195.0
CSMT,TATA,15375,15407,0.0
CSMT,FZR,15361,15378,195.0
CSMT,FZR,15378,12137,330.0
CSMT,FZR,12137,15380,0.0
CSMT,FZR,15380,15383,585.0
CSMT,FZR,15383,15399,0.0
CSMT,JAT,15379,16300,375.0
CSMT,JAT,16300,15375,345.0
CSMT,SVDK,15380,15367,585.0
CSMT,JP,15400,15362,390.0
CSMT,JP,15362,15381,525.0
CSMT,JP,15381,16357,240.0
CSMT,JP,16357,15359,150.0
CSMT,KOTA,16129,15331,390.0
CSMT,KOTA,15331,15382,285.0
CSMT,INDB,15384,15392,0.0
CSMT,INDB,15392,15401,195.0
CSMT,INDB,15401,15363,390.0
CSMT,INDB,15363,15382,525.0
CSMT,INDB,15382,16414,240.0
CSMT,GWL,15384,15385,195.0
CSMT,ST,15368,15402,390.0
CSMT,ST,15402,15387,195.0
CSMT,ST,15387,15364,135.0
CSMT,ST,15364,15383,585.0
CSMT,RJT,16528,15389,675.0
CSMT,RJT,15389,15844,45.0
CSMT,PUNE,15384,15401,195.0
CSMT,PUNE,15401,15403,390.0
CSMT,PUNE,15403,12113,135.0
CSMT,PUNE,12113,12114,0.0
CSMT,PUNE,12114,12123,0.0
CSMT,PUNE,12123,15365,195.0
CSMT,PUNE,15365,15390,195.0
CSMT,NGP,15393,12113,525.0
CSMT,NGP,12113,12114,0.0
CSMT,NGP,12114,15391,585.0
CSMT,MAO,15392,15385,195.0
CSMT,MAO,15385,16072,45.0
CSMT,MAO,16072,16414,1110.0
CSMT,MYS,15377,15385,0.0
CSMT,MYS,15385,15393,0.0
CSMT,MYS,15393,16585,240.0
CSMT,MYS,16585,15404,285.0
CSMT,MYS,15404,15366,390.0
CSMT,UBL,15369,15394,195.0
CSMT,TVC,15361,15395,390.0
CSMT,TVC,15395,15445,570.0
CSMT,ERS,15386,15396,330.0
CSMT,ERS,15396,15405,195.0
CSMT,ERS,15405,15367,390.0
CSMT,MDU,15368,15386,390.0
CSMT,MDU,15386,15387,195.0
CSMT,MDU,15387,15406,525.0
CSMT,MDU,15406,15399,195.0
CSMT,PURI,15401,15370,195.0
CSMT,PURI,15370,16585,45.0
CSMT,PURI,16585,15730,195.0
CSMT,R,15103,15559,0.0
CSMT,R,15559,16015,0.0
CSMT,R,16015,16471,0.0
CSMT,R,16471,15369,90.0
CSMT,R,15369,15160,45.0
CSMT,R,15160,15616,0.0
CSMT,R,15616,16072,0.0
CSMT,R,16072,16528,0.0
CSMT,R,16528,15362,150.0
CSMT,R,15362,15402,0.0
CSMT,R,15402,15217,45.0
CSMT,R,15217,15673,0.0
CSMT,R,15673,16129,0.0
CSMT,R,16129,16585,0.0
CSMT,R,16585,15274,195.0
CSMT,R,15274,15730,0.0
CSMT,R,15730,16186,0.0
CSMT,R,16186,16642,0.0
CSMT,R,16642,15388,90.0
CSMT,R,15388,15331,105.0
CSMT,R,15331,15787,0.0
CSMT,R,15787,16243,0.0
CSMT,R,16243,16699,0.0
CSMT,R,16699,15844,135.0
CSMT,R,15844,16300,0.0
CSMT,R,16300,15445,195.0
CSMT,R,15445,15901,0.0
CSMT,R,15901,16357,0.0
CSMT,R,16357,15407,150.0
CSMT,R,15407,15502,45.0
CSMT,R,15502,15958,0.0
CSMT,R,15958,16414,0.0
CSMT,VSKP,15403,15404,135.0
CSMT,GHY,16015,16471,0.0
CSMT,GHY,16471,16528,135.0
CSMT,GHY,16528,15387,345.0
CSMT,GHY,15387,15406,525.0
CSMT,GHY,15406,15901,45.0
BDTS,LTT,15408,15202,510.0
BDTS,LTT,15202,15506,0.0
BDTS,LTT,15506,15468,330.0
BDTS,LTT,15468,15429,75.0
BDTS,LTT,15429,15494,435.0
BDTS,LTT,15494,15487,75.0
BDTS,HWH,15551,15544,15.0
BDTS,HWH,15544,15409,75.0
BDTS,HWH,15409,15421,720.0
BDTS,HWH,15421,15525,120.0
BDTS,SDAH,15095,15601,210.0
BDTS,SDAH,15601,15410,75.0
BDTS,SDAH,15410,15450,0.0
BDTS,SDAH,15450,15563,315.0
BDTS,SDAH,15563,15412,15.0
BDTS,SDAH,15412,16691,105.0
BDTS,SDAH,16691,15413,90.0
BDTS,SDAH,15413,15582,315.0
BDTS,SDAH,15582,15431,75.0
BDTS,SBC,15608,15411,345.0
BDTS,SBC,15411,15620,255.0
BDTS,SBC,15620,15639,585.0
BDTS,YPR,15152,15665,195.0
BDTS,YPR,15665,15658,75.0
BDTS,YPR,15658,15259,195.0
BDTS,YPR,15259,15412,15.0
BDTS,YPR,15412,16748,240.0
BDTS,YPR,16748,15677,75.0
BDTS,YPR,15677,15454,75.0
BDTS,MAS,15432,15696,120.0
BDTS,MAS,15696,15451,465.0
BDTS,MAS,15451,15722,45.0
BDTS,MAS,15722,15715,75.0
BDTS,MAS,15715,15413,210.0
BDTS,MAS,15413,15446,195.0
BDTS,MAS,15446,15734,120.0
BDTS,MS,15753,15779,510.0
BDTS,MS,15779,15772,15.0
BDTS,MS,15772,15414,270.0
BDTS,MS,15414,15438,0.0
BDTS,HYB,15088,15544,0.0
BDTS,HYB,15544,16000,0.0
BDTS,HYB,16000,16456,0.0
BDTS,HYB,16456,15145,195.0
BDTS,HYB,15145,15601,0.0
BDTS,HYB,15601,16057,0.0
BDTS,HYB,16057,16513,0.0
BDTS,HYB,16513,15209,120.0
BDTS,HYB,15209,15202,75.0
BDTS,HYB,15202,15658,0.0
BDTS,HYB,15658,15810,0.0
BDTS,HYB,15810,16114,0.0
BDTS,HYB,16114,16570,0.0
BDTS,HYB,16570,15259,195.0
BDTS,HYB,15259,15715,0.0
BDTS,HYB,15715,16171,0.0
BDTS,HYB,16171,16627,0.0
BDTS,HYB,16627,15316,135.0
BDTS,HYB,15316,15772,0.0
BDTS,HYB,15772,16228,0.0
BDTS,HYB,16228,16684,0.0
BDTS,HYB,16684,15373,195.0
BDTS,HYB,15373,15829,0.0
BDTS,HYB,15829,16285,0.0
BDTS,HYB,16285,16741,0.0
BDTS,HYB,16741,15430,75.0
BDTS,HYB,15430,15886,120.0
BDTS,HYB,15886,16342,0.0
BDTS,HYB,16342,15415,75.0
BDTS,HYB,15415,15487,120.0
BDTS,HYB,15487,15791,0.0
BDTS,HYB,15791,15943,0.0
BDTS,HYB,15943,16399,0.0
BDTS,SC,15416,15848,120.0
BDTS,SC,15848,15433,75.0
BDTS,SC,15433,15452,525.0
BDTS,SC,15452,15836,240.0
BDTS,SC,15836,15829,75.0
BDTS,SC,15829,15414,75.0
BDTS,SC,15414,15422,0.0
BDTS,LKO,15696,15417,75.0
BDTS,LKO,15417,15867,510.0
BDTS,LKO,15867,15316,135.0
BDTS,LKO,15316,15414,270.0
BDTS,LKO,15414,15893,45.0
BDTS,LKO,15893,15886,75.0
BDTS,CNB,15608,15905,75.0
BDTS,CNB,15905,15418,75.0
BDTS,CNB,15418,15924,450.0
BDTS,BSB,15434,15962,120.0
BDTS,BSB,15962,15419,75.0
BDTS,BSB,15419,15266,45.0
BDTS,BSB,15266,15563,75.0
BDTS,BSB,15563,15468,135.0
BDTS,BSB,15468,15453,75.0
BDTS,BSB,15453,15950,315.0
BDTS,BSB,15950,15415,75.0
BDTS,BSB,15415,15455,0.0
BDTS,BSB,15455,15943,120.0
BDTS,GKP,15905,16019,390.0
BDTS,GKP,16019,15421,210.0
BDTS,GKP,15421,16038,315.0
BDTS,GKP,16038,15439,75.0
BDTS,GKP,15439,15943,120.0
BDTS,VGLJ,15416,16064,240.0
BDTS,VGLJ,16064,16057,75.0
BDTS,VGLJ,16057,15435,270.0
BDTS,VGLJ,15435,15107,120.0
BDTS,VGLJ,15107,15867,0.0
BDTS,VGLJ,15867,16076,135.0
BDTS,VGLJ,16076,15981,195.0
BDTS,VGLJ,15981,15422,75.0
BDTS,VGLJ,15422,15454,0.0
BDTS,VGLJ,15454,15431,195.0
BDTS,VGLJ,15431,16703,120.0
BDTS,PNBE,16121,15658,75.0
BDTS,PNBE,15658,16114,0.0
BDTS,PNBE,16114,15373,525.0
BDTS,PNBE,15373,15423,270.0
BDTS,PNBE,15423,16095,120.0
BDTS,RNC,15424,16152,120.0
BDTS,RNC,16152,16019,585.0
BDTS,RNC,16019,15323,120.0
BDTS,RNC,15323,15164,15.0
BDTS,RNC,15164,15829,195.0
BDTS,RNC,15829,16133,0.0
BDTS,RNC,16133,15415,270.0
BDTS,TATA,15417,15425,0.0
BDTS,TATA,15425,16178,435.0
BDTS,TATA,16178,16171,75.0
BDTS,TATA,16171,15436,15.0
BDTS,TATA,15436,15455,585.0
BDTS,CDG,15456,16209,315.0
BDTS,CDG,16209,15426,75.0
BDTS,CDG,15426,16190,840.0
BDTS,FZR,15440,15456,0.0
BDTS,FZR,15456,15095,105.0
BDTS,FZR,15095,15551,0.0
BDTS,FZR,15551,16007,0.0
BDTS,FZR,16007,16463,0.0
BDTS,FZR,16463,15152,135.0
BDTS,FZR,15152,15608,0.0
BDTS,FZR,15608,16064,0.0
BDTS,FZR,16064,16520,0.0
BDTS,FZR,16520,15418,150.0
BDTS,FZR,15418,15209,45.0
BDTS,FZR,15209,15665,0.0
BDTS,FZR,15665,16121,0.0
BDTS,FZR,16121,16577,0.0
BDTS,FZR,16577,16266,75.0
BDTS,FZR,16266,15266,120.0
BDTS,FZR,15266,15722,0.0
BDTS,FZR,15722,16178,0.0
BDTS,FZR,16178,16634,0.0
BDTS,FZR,16634,15428,90.0
BDTS,FZR,15428,15323,105.0
BDTS,FZR,15323,15779,0.0
BDTS,FZR,15779,16235,0.0
BDTS,FZR,16235,16691,0.0
BDTS,FZR,16691,15437,90.0
BDTS,FZR,15437,15380,45.0
BDTS,FZR,15380,15836,0.0
BDTS,FZR,15836,16292,0.0
BDTS,FZR,16292,16748,0.0
BDTS,FZR,16748,15525,75.0
BDTS,FZR,15525,15893,120.0
BDTS,FZR,15893,16349,0.0
BDTS,FZR,16349,15950,75.0
BDTS,FZR,15950,15494,120.0
BDTS,FZR,15494,16406,0.0
BDTS,JAT,15432,16304,120.0
BDTS,JAT,16304,15429,795.0
BDTS,JAT,15429,16292,45.0
BDTS,JAT,16292,16285,75.0
BDTS,SVDK,15424,15665,435.0
BDTS,SVDK,15665,16323,270.0
BDTS,SVDK,16323,15620,135.0
BDTS,SVDK,15620,15380,120.0
BDTS,SVDK,15380,15430,150.0
BDTS,SVDK,15430,16190,120.0
BDTS,JP,15416,15457,195.0
BDTS,JP,15457,15753,120.0
BDTS,JP,15753,15419,270.0
BDTS,JP,15419,15836,375.0
BDTS,JP,15836,15438,150.0
BDTS,JP,15438,16349,45.0
BDTS,JP,16349,15278,75.0
BDTS,JP,15278,16342,0.0
BDTS,JP,16342,15431,75.0
BDTS,JP,15431,16095,120.0
BDTS,KOTA,15408,15432,0.0
BDTS,KOTA,15432,16361,315.0
BDTS,KOTA,16361,16380,525.0
BDTS,BPL,15433,15457,0.0
BDTS,BPL,15457,16406,1155.0
BDTS,BPL,16406,16399,75.0
BDTS,INDB,15392,15848,0.0
BDTS,INDB,15848,16304,0.0
BDTS,INDB,16304,15449,75.0
BDTS,INDB,15449,16064,45.0
BDTS,INDB,16064,15905,75.0
BDTS,INDB,15905,16361,0.0
BDTS,INDB,16361,15434,75.0
BDTS,INDB,15434,15506,120.0
BDTS,INDB,15506,15962,0.0
BDTS,INDB,15962,16418,0.0
BDTS,INDB,16418,15107,195.0
BDTS,INDB,15107,15563,0.0
BDTS,INDB,15563,16019,0.0
BDTS,INDB,16019,16475,0.0
BDTS,INDB,16475,15420,15.0
BDTS,INDB,15420,15164,120.0
BDTS,INDB,15164,15620,0.0
BDTS,INDB,15620,16076,0.0
BDTS,INDB,16076,16532,0.0
BDTS,INDB,16532,15221,195.0
BDTS,INDB,15221,15677,0.0
BDTS,INDB,15677,16133,0.0
BDTS,INDB,16133,16589,0.0
BDTS,INDB,16589,15278,195.0
BDTS,INDB,15278,15734,0.0
BDTS,INDB,15734,16190,0.0
BDTS,INDB,16190,16646,0.0
BDTS,INDB,16646,15439,75.0
BDTS,INDB,15439,15335,120.0
BDTS,INDB,15335,15791,0.0
BDTS,INDB,15791,16247,0.0
BDTS,INDB,16247,16703,0.0
BDTS,GWL,15441,15435,390.0
BDTS,GWL,15435,16437,450.0
BDTS,ST,15440,15425,195.0
BDTS,ST,15425,16475,510.0
BDTS,ST,16475,15421,210.0
BDTS,ST,15421,15437,0.0
BDTS,BRC,15417,16228,645.0
BDTS,BRC,16228,16285,195.0
BDTS,BRC,16285,15438,75.0
BDTS,BRC,15438,15582,120.0
BDTS,BRC,15582,16494,0.0
BDTS,BRC,16494,15487,195.0
BDTS,RJT,15409,16520,45.0
BDTS,RJT,16520,16513,75.0
BDTS,RJT,16513,15439,990.0
BDTS,PUNE,15440,15441,195.0
BDTS,PUNE,15441,15962,315.0
BDTS,PUNE,15962,16475,195.0
BDTS,PUNE,16475,15924,135.0
BDTS,PUNE,15924,16532,0.0
BDTS,PUNE,16532,15422,270.0
BDTS,PUNE,15422,16494,120.0
BDTS,NGP,16000,16456,0.0
BDTS,NGP,16456,15441,75.0
BDTS,NGP,15441,16513,120.0
BDTS,NGP,16513,15450,75.0
BDTS,NGP,15450,16722,120.0
BDTS,NGP,16722,15126,720.0
BDTS,NGP,15126,15886,0.0
BDTS,NGP,15886,16551,195.0
BDTS,MAO,15392,15442,270.0
BDTS,MAO,15442,16577,45.0
BDTS,MAO,16577,16570,75.0
BDTS,MAO,16570,16171,195.0
BDTS,MAO,16171,15677,330.0
BDTS,MAO,15677,16342,195.0
BDTS,MYS,15848,15434,270.0
BDTS,MYS,15434,15442,0.0
BDTS,MYS,15442,15443,195.0
BDTS,MYS,15443,15722,45.0
BDTS,MYS,15722,16532,210.0
BDTS,MYS,16532,16437,195.0
BDTS,MYS,16437,16589,0.0
BDTS,MYS,16589,16038,195.0
BDTS,MYS,16038,15423,75.0
BDTS,MYS,15423,15183,120.0
BDTS,UBL,15426,15444,330.0
BDTS,TVC,16608,15418,270.0
BDTS,TVC,15418,16235,435.0
BDTS,TVC,16235,15445,90.0
BDTS,TVC,15445,16292,45.0
BDTS,TVC,16292,15494,390.0
BDTS,ERS,15424,15240,120.0
BDTS,ERS,15240,15410,270.0
BDTS,ERS,15410,15810,120.0
BDTS,ERS,15810,16418,0.0
BDTS,ERS,16418,15443,75.0
BDTS,ERS,15443,16627,120.0
BDTS,ERS,16627,16076,135.0
BDTS,ERS,16076,15446,270.0
BDTS,ERS,15446,16551,315.0
BDTS,CLT,15544,16266,390.0
BDTS,CLT,16266,16634,120.0
BDTS,CLT,16634,15447,675.0
BDTS,CBE,15448,16007,105.0
BDTS,CBE,16007,16463,0.0
BDTS,CBE,16463,16520,135.0
BDTS,CBE,16520,15451,345.0
BDTS,CBE,15451,15893,570.0
BDTS,CBE,15893,16646,75.0
BDTS,MDU,16608,15425,75.0
BDTS,MDU,15425,15449,0.0
BDTS,MDU,15449,16209,120.0
BDTS,MDU,16209,15443,270.0
BDTS,MDU,15443,16178,45.0
BDTS,MDU,16178,16323,75.0
BDTS,MDU,16323,15444,15.0
BDTS,MDU,15444,16349,435.0
BDTS,MDU,16349,15639,270.0
BDTS,PURI,16665,15427,270.0
BDTS,PURI,15427,15451,0.0
BDTS,R,15426,15419,195.0
BDTS,R,15419,15452,135.0
BDTS,R,15452,15445,195.0
BDTS,BSP,15240,15696,0.0
BDTS,BSP,15696,16152,0.0
BDTS,BSP,16152,16608,0.0
BDTS,BSP,16608,15297,195.0
BDTS,BSP,15297,15753,0.0
BDTS,BSP,15753,16209,0.0
BDTS,BSP,16209,16665,0.0
BDTS,BSP,16665,15354,195.0
BDTS,BSP,15354,15810,0.0
BDTS,BSP,15810,16266,0.0
BDTS,BSP,16266,16722,0.0
BDTS,BSP,16722,15411,75.0
BDTS,BSP,15411,15867,120.0
BDTS,BSP,15867,16323,0.0
BDTS,BSP,16323,15468,135.0
BDTS,BSP,15468,15924,0.0
BDTS,BSP,15924,16380,0.0
BDTS,BSP,16380,15453,75.0
BDTS,BSP,15453,15525,120.0
BDTS,BSP,15525,15981,0.0
BDTS,BSP,15981,16437,0.0
BDTS,BSP,16437,15126,195.0
BDTS,BSP,15126,15582,0.0
BDTS,BSP,15582,16038,0.0
BDTS,BSP,16038,16494,0.0
BDTS,BSP,16494,15183,195.0
BDTS,BSP,15183,15639,0.0
BDTS,BSP,15639,16095,0.0
BDTS,BSP,16095,16551,0.0
BDTS,VSKP,15551,16634,525.0
BDTS,VSKP,16634,15454,480.0
BDTS,BZA,15408,16152,120.0
BDTS,BZA,16152,16665,195.0
BDTS,BZA,16665,15354,195.0
BDTS,BZA,15354,15427,75.0
BDTS,BZA,15427,15452,135.0
BDTS,BZA,15452,16380,120.0
BDTS,BZA,16380,16589,195.0
BDTS,BZA,16589,15446,75.0
BDTS,BZA,15446,15734,120.0
BDTS,BZA,15734,15455,75.0
BDTS,GHY,15456,15444,720.0
LTT,SDAH,15488,15600,240.0
LTT,SDAH,15600,15459,345.0
LTT,SDAH,15459,15469,330.0
LTT,SDAH,15469,15470,195.0
LTT,SBC,15258,15460,210.0
LTT,SBC,15460,15462,390.0
LTT,YPR,15657,15461,480.0
LTT,MAS,15489,15714,435.0
LTT,MAS,15714,15462,480.0
LTT,MAS,15462,15470,0.0
LTT,MAS,15470,15503,195.0
LTT,MS,15771,15463,480.0
LTT,MS,15463,15495,0.0
LTT,SC,15465,15490,195.0
LTT,SC,15490,15315,435.0
LTT,SC,15315,15828,135.0
LTT,SC,15828,15471,345.0
LTT,SC,15471,15479,0.0
LTT,VGLJ,15488,15473,195.0
LTT,VGLJ,15473,16056,45.0
LTT,VGLJ,16056,15657,195.0
LTT,VGLJ,15657,15492,285.0
LTT,VGLJ,15492,15372,240.0
LTT,VGLJ,15372,15471,345.0
LTT,PNBE,15472,15480,0.0
LTT,PNBE,15480,16113,435.0
LTT,PNBE,16113,15828,525.0
LTT,RNC,15472,15473,195.0
LTT,TATA,15464,15474,390.0
LTT,TATA,15474,16170,240.0
LTT,TATA,16170,15493,285.0
LTT,SVDK,15481,15479,1110.0
LTT,ST,15497,15482,195.0
LTT,ST,15482,15459,195.0
LTT,ST,15459,16227,240.0
LTT,ST,16227,16284,135.0
LTT,ST,16284,15478,150.0
LTT,ST,15478,15486,0.0
LTT,RJT,15488,16512,240.0
LTT,RJT,16512,15466,150.0
LTT,PUNE,15999,16455,0.0
LTT,PUNE,16455,15489,90.0
LTT,PUNE,15489,16512,45.0
LTT,PUNE,16512,15458,150.0
LTT,PUNE,15458,15498,0.0
LTT,PUNE,15498,15460,330.0
LTT,PUNE,15460,15885,435.0
LTT,PUNE,15885,15479,150.0
LTT,NGP,15490,16170,240.0
LTT,NGP,16170,16341,525.0
LTT,MAO,16569,15491,150.0
LTT,MAO,15491,15499,0.0
LTT,MYS,15480,15491,585.0
LTT,MYS,15491,15499,0.0
LTT,MYS,15499,15492,135.0
LTT,MYS,15492,15461,195.0
LTT,UBL,15483,15493,330.0
LTT,TVC,15475,15494,525.0
LTT,MDU,15482,15498,0.0
LTT,MDU,15498,16113,45.0
LTT,MDU,16113,16569,0.0
LTT,MDU,16569,15500,285.0
LTT,MDU,15500,15771,105.0
LTT,MDU,15771,15501,90.0
LTT,MDU,15501,15463,390.0
LTT,MDU,15463,16398,45.0
LTT,PURI,15484,15500,0.0
LTT,R,15464,15483,585.0
LTT,R,15483,15476,135.0
LTT,R,15476,15501,195.0
LTT,R,15501,15502,195.0
LTT,VSKP,15460,15503,585.0
HWH,SDAH,15545,15592,45.0
HWH,SDAH,15592,15507,345.0
HWH,SDAH,15507,15526,525.0
HWH,SDAH,15526,15527,195.0
HWH,SBC,15508,15519,585.0
HWH,YPR,15649,15509,480.0
HWH,YPR,15509,15511,390.0
HWH,MAS,15546,15706,240.0
HWH,MAS,15706,15508,90.0
HWH,MAS,15508,15510,390.0
HWH,MAS,15510,15527,195.0
HWH,MS,15552,15649,435.0
HWH,MS,15649,15763,390.0
HWH,MS,15763,15364,135.0
HWH,MS,15364,15511,345.0
HWH,HYB,15512,15544,0.0
HWH,HYB,15544,15820,960.0
HWH,SC,15528,15536,0.0
HWH,SC,15536,15513,195.0
HWH,SC,15513,15547,390.0
HWH,SC,15547,15509,330.0
HWH,LKO,15528,15514,390.0
HWH,LKO,15514,15877,765.0
HWH,VGLJ,15545,15530,195.0
HWH,VGLJ,15530,15549,525.0
HWH,VGLJ,15549,15511,390.0
HWH,VGLJ,15511,15519,0.0
HWH,PNBE,15520,15537,195.0
HWH,PNBE,15537,16105,240.0
HWH,PNBE,16105,12023,285.0
HWH,PNBE,12023,12273,0.0
HWH,PNBE,12273,12301,0.0
HWH,PNBE,12301,12303,0.0
HWH,PNBE,12303,12305,0.0
HWH,PNBE,12305,22347,0.0
HWH,RNC,15521,15529,0.0
HWH,TATA,15512,15521,195.0
HWH,TATA,15521,15522,195.0
HWH,TATA,15522,15531,195.0
HWH,TATA,15531,16162,45.0
HWH,TATA,16162,15550,480.0
HWH,JAT,15546,16219,435.0
HWH,JAT,16219,15526,285.0
HWH,JAT,15526,15478,240.0
HWH,SVDK,15538,15527,915.0
HWH,JP,15528,15552,0.0
HWH,JP,15552,15514,390.0
HWH,JP,15514,15530,0.0
HWH,JP,15530,15533,525.0
HWH,JP,15533,16333,240.0
HWH,KOTA,15991,15529,90.0
HWH,KOTA,15529,15522,195.0
HWH,KOTA,15522,15877,765.0
HWH,INDB,15553,15515,390.0
HWH,INDB,15515,15531,0.0
HWH,INDB,15531,15534,525.0
HWH,ST,15991,16447,0.0
HWH,ST,16447,15136,135.0
HWH,ST,15136,15592,0.0
HWH,ST,15592,16048,0.0
HWH,ST,16048,16504,0.0
HWH,ST,16504,15554,150.0
HWH,ST,15554,15193,45.0
HWH,ST,15193,15649,0.0
HWH,ST,15649,16105,0.0
HWH,ST,16105,16561,0.0
HWH,ST,16561,15539,150.0
HWH,ST,15539,15250,45.0
HWH,ST,15250,15706,0.0
HWH,ST,15706,16162,0.0
HWH,ST,16162,16618,0.0
HWH,ST,16618,15516,90.0
HWH,ST,15516,15307,105.0
HWH,ST,15307,15763,0.0
HWH,ST,15763,16219,0.0
HWH,ST,16219,16675,0.0
HWH,ST,16675,15364,135.0
HWH,ST,15364,15820,0.0
HWH,ST,15820,16276,0.0
HWH,ST,16276,16732,0.0
HWH,ST,16732,15534,150.0
HWH,ST,15534,15421,45.0
HWH,ST,15421,15877,0.0
HWH,ST,15877,16333,0.0
HWH,ST,16333,15535,150.0
HWH,ST,15535,15478,45.0
HWH,ST,15478,15934,0.0
HWH,ST,15934,16390,0.0
HWH,RJT,15536,15523,585.0
HWH,PUNE,15536,15537,195.0
HWH,PUNE,15537,15515,390.0
HWH,PUNE,15515,15517,330.0
HWH,NGP,15538,16105,45.0
HWH,NGP,16105,16561,0.0
HWH,NGP,16561,15507,150.0
HWH,NGP,15507,15763,240.0
HWH,NGP,15763,16390,525.0
HWH,MYS,15537,15540,525.0
HWH,MYS,15540,15548,0.0
HWH,MYS,15548,15518,390.0
HWH,UBL,15540,15541,195.0
HWH,TVC,15532,15542,390.0
HWH,MDU,15520,15546,390.0
HWH,MDU,15546,15539,195.0
HWH,PURI,15136,15548,480.0
HWH,PURI,15548,22895,0.0
HWH,PURI,22895,15541,195.0
HWH,PURI,15541,16732,45.0
HWH,R,15521,15540,525.0
HWH,R,15540,15533,195.0
HWH,R,15533,15549,0.0
HWH,VSKP,15517,15551,390.0
SDAH,YPR,15568,15602,510.0
SDAH,YPR,15602,15659,195.0
SDAH,YPR,15659,15556,15.0
SDAH,YPR,15556,15412,120.0
SDAH,YPR,15412,15678,390.0
SDAH,VGLJ,15568,15488,120.0
SDAH,VGLJ,15488,15944,0.0
SDAH,VGLJ,15944,16400,0.0
SDAH,VGLJ,16400,15089,195.0
SDAH,VGLJ,15089,15545,0.0
SDAH,VGLJ,15545,16001,0.0
SDAH,VGLJ,16001,16457,0.0
SDAH,VGLJ,16457,15146,195.0
SDAH,VGLJ,15146,15602,0.0
SDAH,VGLJ,15602,15906,0.0
SDAH,VGLJ,15906,16058,0.0
SDAH,VGLJ,16058,16514,0.0
SDAH,VGLJ,16514,15587,75.0
SDAH,VGLJ,15587,15203,120.0
SDAH,VGLJ,15203,15659,0.0
SDAH,VGLJ,15659,16115,0.0
SDAH,VGLJ,16115,16571,0.0
SDAH,VGLJ,16571,15260,135.0
SDAH,VGLJ,15260,15716,0.0
SDAH,VGLJ,15716,16172,0.0
SDAH,VGLJ,16172,16628,0.0
SDAH,VGLJ,16628,15317,195.0
SDAH,VGLJ,15317,15773,0.0
SDAH,VGLJ,15773,16077,0.0
SDAH,VGLJ,16077,16229,0.0
SDAH,VGLJ,16229,16685,0.0
SDAH,VGLJ,16685,15566,75.0
SDAH,VGLJ,15566,15374,120.0
SDAH,VGLJ,15374,15830,0.0
SDAH,VGLJ,15830,16286,0.0
SDAH,VGLJ,16286,16742,0.0
SDAH,VGLJ,16742,15431,195.0
SDAH,VGLJ,15431,15887,0.0
SDAH,VGLJ,15887,16343,0.0
SDAH,TATA,15569,15578,195.0
SDAH,TATA,15578,15588,330.0
SDAH,TATA,15588,16020,120.0
SDAH,TATA,16020,16172,0.0
SDAH,TATA,16172,15165,195.0
SDAH,TATA,15165,15830,195.0
SDAH,SVDK,15527,16305,210.0
SDAH,SVDK,16305,15595,270.0
SDAH,SVDK,15595,16324,255.0
SDAH,SVDK,16324,15574,270.0
SDAH,SVDK,15574,16325,45.0
SDAH,ST,15592,15336,120.0
SDAH,ST,15336,16362,390.0
SDAH,ST,16362,15596,210.0
SDAH,ST,15596,15716,120.0
SDAH,ST,15716,16476,0.0
SDAH,ST,16476,15573,75.0
SDAH,ST,15573,15581,0.0
SDAH,ST,15581,16134,315.0
SDAH,UBL,15184,15849,195.0
SDAH,UBL,15849,15588,405.0
SDAH,UBL,15588,15597,195.0
SDAH,UBL,15597,16533,120.0
SDAH,UBL,16533,16438,195.0
SDAH,UBL,16438,16039,195.0
SDAH,TVC,16439,16040,135.0
SDAH,TVC,16040,16609,75.0
SDAH,TVC,16609,15185,120.0
SDAH,TVC,15185,16610,195.0
SDAH,TVC,16610,15589,285.0
SDAH,VSKP,15574,15598,0.0
SBC,YPR,15625,15602,195.0
SBC,YPR,15602,15690,240.0
SBC,SC,15642,15604,330.0
SBC,SC,15604,22691,0.0
SBC,SC,22691,15606,390.0
SBC,SC,15606,15861,45.0
SBC,SC,15861,15623,150.0
SBC,VGLJ,15519,15625,90.0
SBC,VGLJ,15625,15602,195.0
SBC,VGLJ,15602,15612,330.0
SBC,VGLJ,15612,15644,0.0
SBC,VGLJ,15644,15606,390.0
SBC,TATA,15626,16089,45.0
SBC,TATA,16089,15635,150.0
SBC,TATA,15635,15747,240.0
SBC,TATA,15747,15645,90.0
SBC,TATA,15645,15607,390.0
SBC,TATA,15607,15615,0.0
SBC,SVDK,15620,16317,435.0
SBC,ST,16431,16032,135.0
SBC,ST,16032,16488,0.0
SBC,ST,16488,15177,195.0
SBC,ST,15177,15611,150.0
SBC,ST,15611,15627,0.0
SBC,ST,15627,15630,525.0
SBC,UBL,15634,16602,240.0
SBC,UBL,16602,15291,195.0
SBC,TVC,15635,15646,525.0
SBC,VSKP,15644,15631,585.0
MAS,MS,15723,15755,120.0
MAS,MS,15755,15693,210.0
MAS,MS,15693,15261,120.0
MAS,MS,15261,15774,195.0
MAS,SC,15560,15850,270.0
MAS,SC,15850,15699,75.0
MAS,SC,15699,15707,0.0
MAS,SC,15707,15718,525.0
MAS,SC,15718,15845,45.0
MAS,SC,15845,15695,150.0
MAS,SC,15695,15831,120.0
MAS,VGLJ,15720,16073,435.0
MAS,VGLJ,16073,16059,270.0
MAS,VGLJ,16059,15716,15.0
MAS,VGLJ,15716,15701,195.0
MAS,VGLJ,15701,16078,315.0
MAS,PNBE,15945,16097,0.0
MAS,PNBE,16097,15907,390.0
MAS,PNBE,15907,15708,15.0
MAS,PNBE,15708,16116,120.0
MAS,PNBE,16116,15702,270.0
MAS,RNC,16705,16154,195.0
MAS,RNC,16154,15218,120.0
MAS,RNC,15218,16130,0.0
MAS,RNC,16130,15700,90.0
MAS,RNC,15700,15788,240.0
MAS,RNC,15788,15109,75.0
MAS,RNC,15109,15869,0.0
MAS,RNC,15869,15703,270.0
MAS,RNC,15703,15983,120.0
MAS,RNC,15983,16135,0.0
MAS,TATA,15704,15721,195.0
MAS,TATA,15721,15660,645.0
MAS,TATA,15660,16173,195.0
MAS,TATA,16173,15702,75.0
MAS,TATA,15702,15375,315.0
MAS,SVDK,16249,16306,195.0
MAS,SVDK,16306,15709,405.0
MAS,SVDK,15709,16325,120.0
MAS,SVDK,16325,15527,390.0
MAS,ST,15959,15706,285.0
MAS,ST,15706,15716,330.0
MAS,ST,15716,15725,195.0
MAS,ST,15725,16477,120.0
MAS,ST,16477,15710,75.0
MAS,RJT,16529,15674,195.0
MAS,RJT,15674,16515,75.0
MAS,RJT,16515,15694,405.0
MAS,RJT,15694,15718,0.0
MAS,RJT,15718,15389,45.0
MAS,PUNE,15584,15489,195.0
MAS,PUNE,15489,15707,270.0
MAS,PUNE,15707,15726,525.0
MAS,PUNE,15726,15845,45.0
MAS,PUNE,15845,16230,75.0
MAS,PUNE,16230,16534,0.0
MAS,PUNE,16534,15719,75.0
MAS,PUNE,15719,16287,120.0
MAS,NGP,15720,16553,315.0
MAS,NGP,16553,12433,405.0
MAS,NGP,12433,12621,0.0
MAS,NGP,12621,15735,585.0
MAS,MYS,16415,15128,15.0
MAS,MYS,15128,15888,0.0
MAS,MYS,15888,15722,270.0
MAS,MYS,15722,16073,45.0
MAS,MYS,16073,16002,75.0
MAS,MYS,16002,16458,0.0
MAS,MYS,16458,16586,120.0
MAS,MYS,16586,16515,75.0
MAS,MYS,16515,15708,15.0
MAS,MYS,15708,20607,0.0
MAS,MYS,20607,16724,120.0
MAS,MYS,16724,15719,465.0
MAS,MYS,15719,15727,0.0
MAS,MYS,15727,16591,120.0
MAS,UBL,16344,15394,390.0
MAS,UBL,15394,15723,75.0
MAS,UBL,15723,16173,450.0
MAS,UBL,16173,15711,270.0
MAS,UBL,15711,15679,120.0
MAS,TVC,16040,15185,195.0
MAS,TVC,15185,15850,195.0
MAS,TVC,15850,16610,0.0
MAS,TVC,16610,15724,210.0
MAS,TVC,15724,16534,510.0
MAS,TVC,16534,15703,75.0
MAS,TVC,15703,16439,120.0
MAS,MDU,15728,16648,120.0
MAS,MDU,16648,15729,75.0
MAS,MDU,15729,15546,315.0
MAS,MDU,15546,16268,330.0
MAS,MDU,16268,16629,195.0
MAS,MDU,16629,15710,75.0
MAS,PURI,15712,16648,120.0
MAS,PURI,16648,15641,195.0
MAS,PURI,15641,15730,75.0
MAS,PURI,15730,16610,120.0
MAS,PURI,16610,15451,195.0
MAS,PURI,15451,16211,0.0
MAS,PURI,16211,16667,0.0
MAS,PURI,16667,16325,330.0
MAS,R,15704,16401,315.0
MAS,R,16401,15730,75.0
MAS,R,15730,15731,195.0
MAS,R,15731,16586,45.0
MAS,R,16586,15299,75.0
MAS,R,15299,16116,135.0
MAS,R,16116,16572,0.0
MAS,R,16572,15774,390.0
MAS,R,15774,15711,75.0
MAS,VSKP,15503,16643,720.0
MAS,VSKP,16643,15733,90.0
MAS,VSKP,15733,16244,45.0
MAS,VSKP,16244,16301,195.0
MS,SC,15737,15738,195.0
MS,SC,15738,15210,240.0
MS,SC,15210,15756,90.0
MS,SC,15756,15764,0.0
MS,SC,15764,15780,240.0
MS,SC,15780,15837,195.0
MS,SC,15837,15775,150.0
MS,VGLJ,15744,15777,195.0
MS,VGLJ,15777,16065,240.0
MS,VGLJ,16065,15739,150.0
MS,VGLJ,15739,15773,330.0
MS,VGLJ,15773,15758,195.0
MS,PNBE,15745,15765,720.0
MS,RNC,15746,16122,240.0
MS,RNC,16122,15757,285.0
MS,TATA,15778,15747,195.0
MS,TATA,15747,16122,45.0
MS,TATA,16122,15740,90.0
MS,TATA,15740,16179,105.0
MS,TATA,16179,15749,90.0
MS,TATA,15749,15324,45.0
MS,TATA,15324,15759,345.0
MS,SVDK,15752,15766,1110.0
MS,ST,15744,15763,585.0
MS,ST,15763,15759,720.0
MS,ST,15759,15767,0.0
MS,RJT,15761,16521,240.0
MS,RJT,16521,15751,870.0
MS,PUNE,15745,15762,195.0
MS,PUNE,15762,15764,330.0
MS,PUNE,15764,15743,585.0
MS,MYS,15776,15746,390.0
MS,MYS,15746,16578,240.0
MS,MYS,16578,15765,285.0
MS,UBL,15768,16578,630.0
MS,UBL,16578,15723,195.0
MS,UBL,15723,15766,285.0
MS,TVC,15760,15767,1305.0
MS,PURI,15769,15773,720.0
MS,R,15768,15761,195.0
MS,R,15761,15749,720.0
MS,R,15749,15774,195.0
MS,VSKP,15776,15745,195.0
HYB,SC,15794,12723,330.0
HYB,SC,12723,15780,0.0
HYB,SC,15780,15813,195.0
HYB,SC,15813,15821,0.0
HYB,SC,15821,15829,240.0
HYB,LKO,15781,15813,0.0
HYB,LKO,15813,15316,45.0
HYB,LKO,15316,15886,390.0
HYB,VGLJ,15786,16057,45.0
HYB,VGLJ,16057,12723,285.0
HYB,VGLJ,12723,15796,0.0
HYB,VGLJ,15796,15815,585.0
HYB,PNBE,15787,15658,45.0
HYB,PNBE,15658,16114,0.0
HYB,PNBE,16114,15373,525.0
HYB,RNC,15788,15814,390.0
HYB,RNC,15814,15829,45.0
HYB,TATA,15816,16171,825.0
HYB,TATA,16171,15789,90.0
HYB,TATA,15789,15797,0.0
HYB,TATA,15797,15806,195.0
HYB,JAT,15793,16285,960.0
HYB,SVDK,15794,15430,840.0
HYB,JP,15818,15795,195.0
HYB,JP,15795,15780,135.0
HYB,JP,15780,15799,585.0
HYB,JP,15799,15815,0.0
HYB,JP,15815,16342,45.0
HYB,KOTA,15796,15807,585.0
HYB,INDB,15800,15819,585.0
HYB,INDB,15819,15781,330.0
HYB,INDB,15781,15798,195.0
HYB,INDB,15798,15791,195.0
HYB,ST,15801,15820,525.0
HYB,ST,15820,15782,390.0
HYB,RJT,15808,16513,435.0
HYB,RJT,16513,15803,150.0
HYB,PUNE,15800,15802,390.0
HYB,PUNE,15802,15804,330.0
HYB,PUNE,15804,15821,195.0
HYB,PUNE,15821,15783,390.0
HYB,NGP,15792,16000,240.0
HYB,NGP,16000,16456,0.0
HYB,NGP,16456,16513,195.0
HYB,NGP,16513,12723,285.0
HYB,NGP,12723,15805,195.0
HYB,NGP,15805,15886,435.0
HYB,MAO,15784,16570,630.0
HYB,MAO,16570,16171,195.0
HYB,MAO,16171,15806,285.0
HYB,MAO,15806,16342,240.0
HYB,MYS,15784,15803,585.0
HYB,MYS,15803,15807,720.0
HYB,TVC,15809,15817,0.0
HYB,MDU,15785,15786,195.0
HYB,MDU,15786,15805,525.0
HYB,MDU,15805,15813,0.0
HYB,R,15816,15818,390.0
HYB,R,15818,15787,195.0
HYB,R,15787,15806,525.0
HYB,VSKP,15802,15818,0.0
SC,VGLJ,15834,15827,195.0
SC,VGLJ,15827,12723,135.0
SC,VGLJ,12723,12724,0.0
SC,VGLJ,12724,16060,120.0
SC,VGLJ,16060,15853,75.0
SC,VGLJ,15853,15830,195.0
SC,VGLJ,15830,15566,120.0
SC,VGLJ,15566,15422,120.0
SC,VGLJ,15422,15471,75.0
SC,VGLJ,15471,16079,0.0
SC,TATA,15984,16706,390.0
SC,TATA,16706,15835,75.0
SC,TATA,15835,16155,120.0
SC,TATA,16155,16163,120.0
SC,TATA,16163,15830,285.0
SC,TATA,15830,15854,0.0
SC,TATA,15854,15110,120.0
SC,TATA,15110,15870,0.0
SC,TATA,15870,16174,0.0
SC,SVDK,15479,15224,15.0
SC,SVDK,15224,15794,390.0
SC,SVDK,15794,15835,75.0
SC,SVDK,15835,16307,120.0
SC,SVDK,16307,16060,135.0
SC,SVDK,16060,16220,120.0
SC,SVDK,16220,16277,195.0
SC,SVDK,16277,16326,75.0
SC,SVDK,16326,15823,75.0
SC,ST,15824,15842,390.0
SC,ST,15842,15858,0.0
SC,ST,15858,16478,840.0
SC,ST,16478,15839,75.0
SC,UBL,16592,15825,75.0
SC,UBL,15825,15849,0.0
SC,UBL,15849,15129,120.0
SC,UBL,15129,15889,0.0
SC,UBL,15889,16003,390.0
SC,UBL,16003,16459,0.0
SC,UBL,16459,16516,135.0
SC,UBL,16516,16725,195.0
SC,TVC,15680,16592,0.0
SC,TVC,16592,16345,195.0
SC,TVC,16345,15850,75.0
SC,TVC,15850,15395,315.0
SC,TVC,15395,16611,0.0
SC,TVC,16611,16174,525.0
SC,VSKP,16448,16049,195.0
SC,VSKP,16049,15859,150.0
SC,VSKP,15859,15194,45.0
LKO,VGLJ,15872,15471,105.0
LKO,VGLJ,15471,15867,480.0
LKO,VGLJ,15867,15891,0.0
LKO,VGLJ,15891,15887,720.0
LKO,PNBE,16098,12391,90.0
LKO,PNBE,12391,12392,0.0
LKO,PNBE,12392,15868,0.0
LKO,PNBE,15868,15879,585.0
LKO,RNC,15869,15871,390.0
LKO,TATA,15873,15984,45.0
LKO,TATA,15984,15892,480.0
LKO,TATA,15892,16155,105.0
LKO,TATA,16155,15870,285.0
LKO,TATA,15870,15863,195.0
LKO,SVDK,15880,15875,585.0
LKO,SVDK,15875,16326,765.0
LKO,ST,15896,15881,195.0
LKO,ST,15881,15882,195.0
LKO,ST,15882,15877,525.0
LKO,RJT,15865,15884,525.0
LKO,PUNE,15897,15885,720.0
LKO,PUNE,15885,15878,195.0
LKO,NGP,15585,16554,195.0
LKO,NGP,16554,15886,480.0
LKO,MAO,15898,15887,915.0
LKO,MYS,15888,15927,105.0
LKO,MYS,15927,15890,285.0
LKO,MYS,15890,15898,0.0
LKO,MYS,15898,16497,45.0
LKO,MYS,16497,15879,870.0
LKO,UBL,15889,15882,195.0
LKO,UBL,15882,15129,45.0
LKO,UBL,15129,16725,720.0
LKO,TVC,15874,15890,0.0
LKO,TVC,15890,16611,435.0
LKO,MDU,15881,15899,390.0
LKO,MDU,15899,16554,45.0
LKO,MDU,16554,15900,90.0
LKO,MDU,15900,15243,105.0
LKO,MDU,15243,15894,285.0
LKO,MDU,15894,15813,45.0
LKO,PURI,15896,15883,585.0
LKO,R,15897,15882,195.0
LKO,R,15882,15875,195.0
LKO,R,15875,15642,45.0
LKO,R,15642,16611,195.0
LKO,R,16611,15901,90.0
LKO,R,15901,16212,45.0
LKO,R,16212,16668,0.0
LKO,R,16668,15863,345.0
LKO,R,15863,16326,45.0
CNB,GKP,15905,16033,240.0
CNB,VGLJ,15929,15906,195.0
CNB,VGLJ,15906,14175,330.0
CNB,VGLJ,14175,15910,390.0
CNB,PNBE,15936,15520,240.0
CNB,PNBE,15520,15907,345.0
CNB,PNBE,15907,16090,45.0
CNB,PNBE,16090,12301,90.0
CNB,PNBE,12301,12302,0.0
CNB,PNBE,12302,12303,0.0
CNB,PNBE,12303,12304,0.0
CNB,PNBE,12304,12305,0.0
CNB,PNBE,12305,12306,0.0
CNB,PNBE,12306,12309,0.0
CNB,PNBE,12309,12310,0.0
CNB,PNBE,12310,12367,0.0
CNB,PNBE,12367,12368,0.0
CNB,PNBE,12368,12393,0.0
CNB,PNBE,12393,12394,0.0
CNB,PNBE,12394,12801,0.0
CNB,PNBE,12801,12802,0.0
CNB,PNBE,12802,20817,0.0
CNB,PNBE,20817,20818,0.0
CNB,PPTA,12423,12424,0.0
CNB,PPTA,12424,20501,0.0
CNB,PPTA,20501,20502,0.0
CNB,RNC,15928,15908,720.0
CNB,RNC,15908,16147,105.0
CNB,TATA,15920,15930,390.0
CNB,TATA,15930,15909,525.0
CNB,TATA,15909,15911,390.0
CNB,FZR,15912,15931,585.0
CNB,FZR,15931,16261,570.0
CNB,SVDK,15937,15914,195.0
CNB,SVDK,15914,16318,960.0
CNB,JP,15913,15929,0.0
CNB,JP,15929,15915,390.0
CNB,JP,15915,15932,135.0
CNB,KOTA,16375,15921,90.0
CNB,KOTA,15921,15916,525.0
CNB,INDB,15905,15914,195.0
CNB,INDB,15914,15933,525.0
CNB,INDB,15933,15918,195.0
CNB,GWL,16432,15919,1065.0
CNB,ST,15921,15938,195.0
CNB,ST,15938,16489,45.0
CNB,ST,16489,15915,150.0
CNB,ST,15915,14175,135.0
CNB,ST,14175,15934,390.0
CNB,RJT,15922,15923,195.0
CNB,PUNE,15914,16546,240.0
CNB,PUNE,16546,15916,90.0
CNB,PUNE,15916,15924,0.0
CNB,PUNE,15924,15935,585.0
CNB,NGP,15906,15235,435.0
CNB,NGP,15235,15925,90.0
CNB,NGP,15925,15805,240.0
CNB,MAO,15926,16261,45.0
CNB,MYS,15936,15917,915.0
CNB,MYS,15917,15927,390.0
CNB,UBL,15928,15939,585.0
CNB,UBL,15939,15634,45.0
CNB,UBL,15634,16603,195.0
CNB,UBL,16603,16204,135.0
CNB,UBL,16204,16318,390.0
CNB,TVC,15929,15931,390.0
CNB,TVC,15931,15292,375.0
CNB,ERS,15937,15930,195.0
CNB,ERS,15930,15923,195.0
CNB,ERS,15923,15918,525.0
CNB,MDU,15463,16375,0.0
CNB,MDU,16375,15520,135.0
CNB,MDU,15520,15976,0.0
CNB,MDU,15976,16432,0.0
CNB,MDU,16432,15938,150.0
CNB,MDU,15938,15121,45.0
CNB,MDU,15121,15577,0.0
CNB,MDU,15577,16033,0.0
CNB,MDU,16033,16489,0.0
CNB,MDU,16489,15178,195.0
CNB,MDU,15178,15634,0.0
CNB,MDU,15634,16090,0.0
CNB,MDU,16090,16546,0.0
CNB,MDU,16546,15235,195.0
CNB,MDU,15235,15691,0.0
CNB,MDU,15691,16147,0.0
CNB,MDU,16147,16603,0.0
CNB,MDU,16603,15933,90.0
CNB,MDU,15933,15292,45.0
CNB,MDU,15292,15748,0.0
CNB,MDU,15748,16204,0.0
CNB,MDU,16204,16660,0.0
CNB,MDU,16660,15349,195.0
CNB,MDU,15349,15805,0.0
CNB,MDU,15805,16261,0.0
CNB,MDU,16261,16717,0.0
CNB,MDU,16717,15919,150.0
CNB,MDU,15919,15406,45.0
CNB,MDU,15406,15862,0.0
CNB,MDU,15862,16318,0.0
CNB,PURI,12801,12802,0.0
CNB,PURI,12802,15940,0.0
CNB,PURI,15940,15935,585.0
CNB,R,15920,15936,0.0
CNB,R,15936,15939,585.0
CNB,R,15939,15932,135.0
CNB,VSKP,15976,15938,150.0
CNB,VSKP,15938,16489,45.0
CNB,VSKP,16489,15916,285.0
CNB,GHY,12423,12424,0.0
CNB,GHY,12424,15940,0.0
CNB,GHY,15940,20501,0.0
CNB,GHY,20501,20502,0.0
CNB,GHY,20502,15691,105.0
CNB,GHY,15691,16603,0.0
CNB,GHY,16603,16660,135.0
CNB,GHY,16660,15406,390.0
BSB,GKP,15952,15320,120.0
BSB,GKP,15320,16025,315.0
BSB,GKP,16025,16042,75.0
BSB,GKP,16042,15700,330.0
BSB,GKP,15700,15943,465.0
BSB,GKP,15943,16023,120.0
BSB,VGLJ,15944,16080,120.0
BSB,VGLJ,16080,16082,510.0
BSB,VGLJ,16082,15948,90.0
BSB,VGLJ,15948,16061,315.0
BSB,VGLJ,16061,15967,270.0
BSB,PNBE,15472,15945,75.0
BSB,PNBE,15945,16099,510.0
BSB,PNBE,16099,12303,15.0
BSB,PNBE,12303,12304,0.0
BSB,PNBE,12304,12391,0.0
BSB,PNBE,12391,12392,0.0
BSB,PNBE,12392,13398,0.0
BSB,PNBE,13398,16118,510.0
BSB,PNBE,16118,15567,195.0
BSB,RNC,15472,15928,0.0
BSB,RNC,15928,16384,0.0
BSB,RNC,16384,15529,195.0
BSB,RNC,15529,15985,0.0
BSB,RNC,15985,16137,0.0
BSB,RNC,16137,16441,0.0
BSB,RNC,16441,15946,75.0
BSB,RNC,15946,15130,120.0
BSB,RNC,15130,15586,0.0
BSB,RNC,15586,16042,0.0
BSB,RNC,16042,16498,0.0
BSB,RNC,16498,15187,195.0
BSB,RNC,15187,15643,0.0
BSB,RNC,15643,16099,0.0
BSB,RNC,16099,16555,0.0
BSB,RNC,16555,13398,15.0
BSB,RNC,13398,16139,105.0
BSB,RNC,16139,15244,15.0
BSB,RNC,15244,15700,0.0
BSB,RNC,15700,16156,0.0
BSB,RNC,16156,16612,0.0
BSB,RNC,16612,15301,195.0
BSB,RNC,15301,15757,0.0
BSB,RNC,15757,16213,0.0
BSB,RNC,16213,16669,0.0
BSB,RNC,16669,15358,195.0
BSB,RNC,15358,15814,0.0
BSB,RNC,15814,16270,0.0
BSB,RNC,16270,16726,0.0
BSB,RNC,16726,15415,195.0
BSB,RNC,15415,15871,0.0
BSB,RNC,15871,16327,0.0
BSB,TATA,15968,15455,105.0
BSB,TATA,15455,15911,0.0
BSB,TATA,15911,16367,0.0
BSB,TATA,16367,15977,90.0
BSB,TATA,15977,15512,45.0
BSB,TATA,15512,16424,0.0
BSB,TATA,16424,15569,75.0
BSB,TATA,15569,15113,120.0
BSB,TATA,15113,16025,0.0
BSB,TATA,16025,16481,0.0
BSB,TATA,16481,15947,150.0
BSB,TATA,15947,15170,45.0
BSB,TATA,15170,15626,0.0
BSB,TATA,15626,16082,0.0
BSB,TATA,16082,16538,0.0
BSB,TATA,16538,15227,195.0
BSB,TATA,15227,15683,0.0
BSB,TATA,15683,16139,0.0
BSB,TATA,16139,16595,0.0
BSB,TATA,16595,16156,15.0
BSB,TATA,16156,15949,75.0
BSB,TATA,15949,15284,45.0
BSB,TATA,15284,15740,0.0
BSB,TATA,15740,16196,0.0
BSB,TATA,16196,16652,0.0
BSB,TATA,16652,15909,75.0
BSB,TATA,15909,15341,120.0
BSB,TATA,15341,15797,0.0
BSB,TATA,15797,16253,0.0
BSB,TATA,16253,16709,0.0
BSB,TATA,16709,15398,195.0
BSB,TATA,15398,15854,0.0
BSB,TATA,15854,16310,0.0
BSB,TATA,16310,16175,75.0
BSB,CDG,15969,15985,120.0
BSB,CDG,15985,16194,195.0
BSB,CDG,16194,16707,195.0
BSB,CDG,16707,15948,15.0
BSB,CDG,15948,16196,240.0
BSB,CDG,16196,16213,75.0
BSB,CDG,16213,15111,390.0
BSB,CDG,15111,15871,0.0
BSB,FZR,15168,15953,75.0
BSB,FZR,15953,15969,0.0
BSB,FZR,15969,15833,120.0
BSB,FZR,15833,15113,120.0
BSB,FZR,15113,16251,270.0
BSB,FZR,16251,15950,405.0
BSB,FZR,15950,16253,45.0
BSB,FZR,16253,16709,0.0
BSB,FZR,16709,16270,75.0
BSB,FZR,16270,16023,195.0
BSB,JAT,15945,16289,120.0
BSB,JAT,16289,15951,990.0
BSB,SVDK,15952,16025,435.0
BSB,SVDK,16025,15170,195.0
BSB,SVDK,15170,16308,210.0
BSB,SVDK,16308,16310,510.0
BSB,SVDK,16310,16327,75.0
BSB,JP,15953,15225,120.0
BSB,JP,15225,15970,75.0
BSB,JP,15970,16346,120.0
BSB,JP,16346,15795,195.0
BSB,JP,15795,16061,330.0
BSB,JP,16061,15951,270.0
BSB,KOTA,16367,15529,210.0
BSB,KOTA,15529,15954,75.0
BSB,KOTA,15954,15978,0.0
BSB,KOTA,15978,16251,315.0
BSB,KOTA,16251,16365,330.0
BSB,INDB,15952,15624,120.0
BSB,INDB,15624,16424,120.0
BSB,INDB,16424,15962,150.0
BSB,INDB,15962,15434,120.0
BSB,INDB,15434,16194,0.0
BSB,INDB,16194,15971,75.0
BSB,INDB,15971,15956,135.0
BSB,INDB,15956,16308,120.0
BSB,INDB,16308,16253,315.0
BSB,INDB,16253,16422,75.0
BSB,GWL,16384,16441,195.0
BSB,GWL,16441,15954,75.0
BSB,GWL,15954,15282,120.0
BSB,GWL,15282,16099,195.0
BSB,GWL,16099,15957,210.0
BSB,GWL,15957,15757,120.0
BSB,ST,15953,16481,240.0
BSB,ST,16481,15972,285.0
BSB,ST,15972,15284,240.0
BSB,ST,15284,15959,345.0
BSB,ST,15959,16479,120.0
BSB,RJT,15961,15979,390.0
BSB,RJT,15979,16517,450.0
BSB,PUNE,16536,16137,195.0
BSB,PUNE,16137,15954,75.0
BSB,PUNE,15954,15962,0.0
BSB,PUNE,15962,15971,195.0
BSB,PUNE,15971,16538,45.0
BSB,PUNE,16538,15339,75.0
BSB,PUNE,15339,15973,210.0
BSB,PUNE,15973,16365,120.0
BSB,PUNE,16365,15719,390.0
BSB,NGP,15963,16555,120.0
BSB,MAO,16367,16232,15.0
BSB,MAO,16232,16289,195.0
BSB,MAO,16289,15586,195.0
BSB,MAO,15586,15955,75.0
BSB,MAO,15955,15491,120.0
BSB,MAO,15491,15964,15.0
BSB,MAO,15964,16139,105.0
BSB,MAO,16139,15341,330.0
BSB,MAO,15341,16574,75.0
BSB,MYS,15320,15776,0.0
BSB,MYS,15776,16232,0.0
BSB,MYS,16232,16688,0.0
BSB,MYS,16688,15377,195.0
BSB,MYS,15377,15833,0.0
BSB,MYS,15833,16289,0.0
BSB,MYS,16289,16745,0.0
BSB,MYS,16745,15434,195.0
BSB,MYS,15434,15890,0.0
BSB,MYS,15890,16346,0.0
BSB,MYS,16346,15947,75.0
BSB,MYS,15947,15955,0.0
BSB,MYS,15955,15491,120.0
BSB,MYS,15491,16403,0.0
BSB,MYS,16403,15092,135.0
BSB,MYS,15092,15548,0.0
BSB,MYS,15548,16004,0.0
BSB,MYS,16004,16460,0.0
BSB,MYS,16460,15965,75.0
BSB,MYS,15965,15149,120.0
BSB,MYS,15149,15605,0.0
BSB,MYS,15605,16061,0.0
BSB,MYS,16061,16517,0.0
BSB,MYS,16517,15974,75.0
BSB,MYS,15974,15206,120.0
BSB,MYS,15206,15662,0.0
BSB,MYS,15662,16118,0.0
BSB,MYS,16118,16574,0.0
BSB,MYS,16574,15263,195.0
BSB,MYS,15263,15719,0.0
BSB,MYS,15719,16175,0.0
BSB,MYS,16175,16631,0.0
BSB,UBL,15928,16593,195.0
BSB,UBL,16593,16498,195.0
BSB,UBL,16498,16595,315.0
BSB,UBL,16595,15966,285.0
BSB,UBL,15966,16479,315.0
BSB,TVC,15130,15890,0.0
BSB,TVC,15890,16004,330.0
BSB,TVC,16004,16460,0.0
BSB,TVC,16460,16612,0.0
BSB,TVC,16612,16517,195.0
BSB,TVC,16517,16726,195.0
BSB,TVC,16726,15967,75.0
BSB,ERS,15968,15681,315.0
BSB,ERS,15681,16593,0.0
BSB,ERS,16593,16481,120.0
BSB,ERS,16481,16346,75.0
BSB,ERS,16346,15956,210.0
BSB,ERS,15956,15396,120.0
BSB,ERS,15396,15975,465.0
BSB,ERS,15975,16175,120.0
BSB,CLT,16536,15969,75.0
BSB,CLT,15969,16441,120.0
BSB,CLT,16441,16042,195.0
BSB,CLT,16042,15187,195.0
BSB,CLT,15187,15972,15.0
BSB,CLT,15972,15852,120.0
BSB,CLT,15852,16631,585.0
BSB,CBE,15970,15964,330.0
BSB,CBE,15964,15683,105.0
BSB,CBE,15683,16595,0.0
BSB,CBE,16595,15398,525.0
BSB,MDU,15976,16650,510.0
BSB,MDU,16650,15971,75.0
BSB,MDU,15971,16538,45.0
BSB,MDU,16538,15956,90.0
BSB,MDU,15956,15957,195.0
BSB,MDU,15957,16652,45.0
BSB,MDU,16652,15854,390.0
BSB,PURI,15548,15973,75.0
BSB,PURI,15973,16270,315.0
BSB,PURI,16270,16631,195.0
BSB,R,15977,16424,45.0
BSB,R,16424,16082,390.0
BSB,R,16082,16669,405.0
BSB,R,16669,15958,75.0
BSB,R,15958,15974,0.0
BSB,BSP,16650,15643,195.0
BSB,BSP,15643,16612,135.0
BSB,BSP,16612,15453,195.0
BSB,BSP,15453,16213,0.0
BSB,BSP,16213,15975,270.0
BSB,BSP,15975,16327,120.0
BSB,VSKP,15976,15776,120.0
BSB,VSKP,15776,16403,585.0
BSB,VSKP,16403,15973,210.0
BSB,VSKP,15973,15301,120.0
BSB,VSKP,15301,16669,0.0
BSB,VSKP,16669,16118,195.0
BSB,VSKP,16118,16574,0.0
BSB,BZA,15455,15977,90.0
BSB,BZA,15977,15978,195.0
BSB,BZA,15978,15965,525.0
BSB,BZA,15965,16652,45.0
BSB,BZA,16652,15959,345.0
BSB,GHY,15978,15957,525.0
AY,GKP,16009,16017,240.0
AY,GKP,16017,15980,285.0
AY,VGLJ,16001,15986,195.0
AY,VGLJ,15986,16017,45.0
AY,VGLJ,16017,15162,195.0
AY,VGLJ,15162,16074,0.0
AY,VGLJ,16074,15981,285.0
AY,VGLJ,15981,16005,0.0
AY,PNBE,15993,15982,915.0
AY,RNC,15985,16131,630.0
AY,RNC,16131,15983,480.0
AY,TATA,15984,15987,585.0
AY,TATA,15987,15219,240.0
AY,TATA,15219,16006,285.0
AY,TATA,16006,15789,45.0
AY,CDG,15985,16188,765.0
AY,FZR,16010,15987,195.0
AY,FZR,15987,15618,45.0
AY,FZR,15618,15988,90.0
AY,FZR,15988,16188,240.0
AY,FZR,16188,16007,345.0
AY,JAT,16002,15988,330.0
AY,JAT,15988,15276,240.0
AY,JAT,15276,16302,390.0
AY,SVDK,15994,15989,525.0
AY,JP,16008,15986,390.0
AY,JP,15986,15989,525.0
AY,JP,15989,15990,195.0
AY,KOTA,16359,15991,1200.0
AY,INDB,16359,15993,90.0
AY,INDB,15993,16009,0.0
AY,INDB,16009,16416,45.0
AY,INDB,16416,16131,585.0
AY,INDB,16131,15990,285.0
AY,INDB,15990,15333,45.0
AY,GWL,15994,16011,195.0
AY,ST,16010,16473,45.0
AY,ST,16473,15995,150.0
AY,ST,15995,15996,135.0
AY,ST,15996,15991,585.0
AY,BRC,15960,16473,195.0
AY,BRC,16473,15987,150.0
AY,BRC,15987,15997,330.0
AY,PUNE,15992,16011,585.0
AY,PUNE,16011,16530,45.0
AY,PUNE,16530,15675,195.0
AY,PUNE,15675,15999,480.0
AY,PUNE,15999,15390,45.0
AY,NGP,16000,16530,630.0
AY,NGP,16530,15846,720.0
AY,MAO,16001,16012,525.0
AY,MYS,15993,16002,195.0
AY,MYS,16002,16004,330.0
AY,MYS,16004,16012,0.0
AY,MYS,16012,16587,105.0
AY,UBL,16416,16003,345.0
AY,UBL,16003,16074,45.0
AY,UBL,16074,15996,90.0
AY,TVC,15988,16004,0.0
AY,ERS,15994,15980,330.0
AY,ERS,15980,16005,195.0
AY,ERS,16005,16013,0.0
AY,CLT,15447,16006,1005.0
AY,CBE,16644,16007,345.0
AY,MDU,16008,15995,585.0
AY,MDU,15995,16013,330.0
AY,MDU,16013,16014,195.0
AY,BBS,16009,16005,720.0
AY,PURI,16010,15997,525.0
AY,R,16011,15996,135.0
AY,R,15996,15989,195.0
AY,R,15989,16015,390.0
AY,BSP,16012,16587,105.0
AY,BSP,16587,15981,90.0
AY,BSP,15981,15732,45.0
AY,BZA,16016,15504,240.0
AY,BZA,15504,15997,675.0
AY,BZA,15997,16644,45.0
AY,BZA,16644,16014,150.0
AY,BZA,16014,16245,45.0
AY,BZA,16245,16302,195.0
AY,GHY,16014,16015,195.0
GKP,VGLJ,16024,16017,195.0
GKP,VGLJ,16017,16043,390.0
GKP,VGLJ,16043,16066,45.0
GKP,PNBE,16018,16050,0.0
GKP,RNC,16042,16019,195.0
GKP,RNC,16019,16123,240.0
GKP,TATA,16025,16034,195.0
GKP,TATA,16034,16020,330.0
GKP,TATA,16020,16044,0.0
GKP,TATA,16044,16180,240.0
GKP,JAT,16024,16294,1350.0
GKP,SVDK,16025,15952,45.0
GKP,SVDK,15952,16051,345.0
GKP,JP,16351,16026,285.0
GKP,JP,16026,16027,195.0
GKP,JP,16027,16043,0.0
GKP,JP,16043,16046,525.0
GKP,KOTA,16027,16035,0.0
GKP,KOTA,16035,15667,240.0
GKP,KOTA,15667,15382,525.0
GKP,INDB,15439,15895,0.0
GKP,INDB,15895,16351,0.0
GKP,INDB,16351,16408,15.0
GKP,INDB,16408,15496,120.0
GKP,INDB,15496,15952,0.0
GKP,INDB,15952,15097,195.0
GKP,INDB,15097,15553,0.0
GKP,INDB,15553,16009,0.0
GKP,INDB,16009,16465,0.0
GKP,INDB,16465,16019,150.0
GKP,INDB,16019,15154,45.0
GKP,INDB,15154,15610,0.0
GKP,INDB,15610,16066,0.0
GKP,INDB,16066,16522,0.0
GKP,INDB,16522,16028,90.0
GKP,INDB,16028,15211,105.0
GKP,INDB,15211,15667,0.0
GKP,INDB,15667,16123,0.0
GKP,INDB,16123,16579,0.0
GKP,INDB,16579,16029,90.0
GKP,INDB,16029,15724,45.0
GKP,INDB,15724,16180,0.0
GKP,INDB,16180,16636,0.0
GKP,INDB,16636,15325,195.0
GKP,INDB,15325,15781,0.0
GKP,INDB,15781,16237,0.0
GKP,INDB,16237,16693,0.0
GKP,INDB,16693,16047,150.0
GKP,INDB,16047,15382,45.0
GKP,INDB,15382,15838,0.0
GKP,INDB,15838,16294,0.0
GKP,INDB,16294,16750,0.0
GKP,ST,16032,16048,0.0
GKP,ST,16048,16052,720.0
GKP,ST,16052,16029,195.0
GKP,RJT,15439,16034,285.0
GKP,RJT,16034,16522,240.0
GKP,RJT,16522,16036,90.0
GKP,PUNE,16049,16035,390.0
GKP,PUNE,16035,16028,135.0
GKP,PUNE,16028,16030,390.0
GKP,NGP,16020,16036,0.0
GKP,MYS,16050,16579,435.0
GKP,MYS,16579,16038,285.0
GKP,MYS,16038,16031,195.0
GKP,TVC,16040,16579,825.0
GKP,TVC,16579,16045,90.0
GKP,TVC,16045,15724,45.0
GKP,MDU,16033,16044,525.0
GKP,MDU,16044,16052,0.0
GKP,PURI,16351,16180,855.0
GKP,PURI,16180,16046,150.0
GKP,R,16034,16046,720.0
GKP,R,16046,16047,195.0
GKP,VSKP,16049,16030,915.0
VGLJ,VSKP,16328,16651,585.0
VGLJ,VSKP,16651,16084,15.0
VGLJ,VSKP,16084,15644,120.0
VGLJ,VSKP,15644,16613,195.0
VGLJ,VSKP,16613,15454,195.0
VGLJ,VSKP,15454,16214,0.0
VGLJ,VSKP,16214,16087,75.0
PNBE,RNC,16088,16099,585.0
PNBE,RNC,16099,12365,135.0
PNBE,RNC,12365,13397,0.0
PNBE,RNC,13397,13398,0.0
PNBE,RNC,13398,22349,0.0
PNBE,TATA,16120,16089,195.0
PNBE,TATA,16089,16091,390.0
PNBE,TATA,16091,16101,330.0
PNBE,TATA,16101,16164,45.0
PNBE,SVDK,16108,16094,390.0
PNBE,ST,16105,16101,720.0
PNBE,ST,16101,16109,0.0
PNBE,RJT,16093,16103,390.0
PNBE,PUNE,16104,16106,390.0
PNBE,PUNE,16106,15537,45.0
PNBE,UBL,16108,16110,390.0
PNBE,TVC,16109,16102,195.0
PNBE,PURI,16115,12801,135.0
PNBE,PURI,12801,12802,0.0
PNBE,PURI,12802,16111,585.0
PNBE,R,15936,16091,345.0
PNBE,R,16091,16506,45.0
PNBE,R,16506,16116,90.0
PNBE,R,16116,16110,390.0
PNBE,R,16110,16103,195.0
PNBE,VSKP,16118,16677,45.0
RNC,TATA,16122,16139,195.0
RNC,TATA,16139,16148,135.0
RNC,TATA,16148,16156,240.0
RNC,SVDK,16327,16127,1200.0
RNC,ST,16124,16134,390.0
RNC,ST,16134,16143,195.0
RNC,UBL,15928,16498,390.0
RNC,UBL,16498,16141,285.0
RNC,TVC,15130,16612,330.0
RNC,TVC,16612,16142,150.0
RNC,TVC,16142,16726,240.0
RNC,VSKP,16144,15301,1155.0
RNC,VSKP,15301,16669,0.0
RNC,VSKP,16669,16151,150.0
TATA,UBL,16234,16291,195.0
TATA,UBL,16291,16595,0.0
TATA,UBL,16595,15588,135.0
TATA,UBL,15588,16173,75.0
TATA,UBL,16173,16604,45.0
TATA,UBL,16604,15493,75.0
TATA,UBL,15493,16167,270.0
TATA,TVC,16319,15635,720.0
TATA,TVC,15635,16174,285.0
TATA,TVC,16174,16205,45.0
TATA,TVC,16205,16614,75.0
TATA,TVC,16614,16159,75.0
CDG,FZR,16216,15399,105.0
CDG,FZR,15399,15855,0.0
CDG,FZR,15855,16311,0.0
CDG,FZR,16311,15912,15.0
CDG,FZR,15912,15456,120.0
CDG,FZR,15456,16368,0.0
CDG,FZR,16368,15513,195.0
CDG,FZR,15513,15969,0.0
CDG,FZR,15969,16425,0.0
CDG,FZR,16425,15114,195.0
CDG,FZR,15114,16026,0.0
CDG,FZR,16026,16482,0.0
CDG,FZR,16482,16188,90.0
CDG,FZR,16188,15171,105.0
CDG,FZR,15171,15627,0.0
CDG,FZR,15627,16083,0.0
CDG,FZR,16083,16539,0.0
CDG,FZR,16539,16197,90.0
CDG,FZR,16197,15228,45.0
CDG,FZR,15228,15684,0.0
CDG,FZR,15684,16140,0.0
CDG,FZR,16140,16596,0.0
CDG,FZR,16596,15285,195.0
CDG,FZR,15285,15741,0.0
CDG,FZR,15741,16653,0.0
CDG,FZR,16653,16254,75.0
CDG,FZR,16254,15342,120.0
CDG,FZR,15342,15798,0.0
CDG,FZR,15798,16710,0.0
CDG,JAT,15114,12425,90.0
CDG,JAT,12425,12426,0.0
CDG,JAT,12426,22439,0.0
CDG,JAT,22439,22440,0.0
CDG,JAT,22440,16189,195.0
CDG,JAT,16189,16710,435.0
CDG,SVDK,16311,22439,615.0
CDG,SVDK,22439,22440,0.0
CDG,SVDK,22440,16190,390.0
CDG,JP,16217,16026,435.0
CDG,JP,16026,15171,195.0
CDG,JP,15171,16198,285.0
CDG,JP,16198,16214,0.0
CDG,JP,16214,16191,195.0
CDG,KOTA,16192,16368,240.0
CDG,KOTA,16368,16206,870.0
CDG,INDB,16194,16425,45.0
CDG,INDB,16425,15228,525.0
CDG,INDB,15228,16190,150.0
CDG,INDB,16190,16199,195.0
CDG,INDB,16199,15798,45.0
CDG,GWL,16195,16254,645.0
CDG,ST,16200,16311,105.0
CDG,ST,16311,16482,525.0
CDG,ST,16482,15627,195.0
CDG,ST,15627,16197,90.0
CDG,RJT,16199,16207,0.0
CDG,PUNE,16200,16201,195.0
CDG,PUNE,16201,16539,630.0
CDG,PUNE,16539,16199,480.0
CDG,NGP,16201,16191,1110.0
CDG,MYS,16368,16202,150.0
CDG,MYS,16202,16203,195.0
CDG,MYS,16203,16140,375.0
CDG,MYS,16140,15342,390.0
CDG,UBL,16204,16596,240.0
CDG,TVC,16216,16205,915.0
CDG,ERS,16208,16203,585.0
CDG,ERS,16203,16206,525.0
CDG,CLT,16200,15969,435.0
CDG,CLT,15969,16482,195.0
CDG,CLT,16482,16207,675.0
CDG,MDU,15399,16209,90.0
CDG,MDU,16209,16204,525.0
CDG,MDU,16204,15684,240.0
CDG,MDU,15684,16596,0.0
CDG,MDU,16596,16653,195.0
CDG,R,16217,16212,525.0
CDG,R,16212,16205,195.0
CDG,VSKP,16201,16214,915.0
CDG,GHY,16216,15456,240.0
CDG,GHY,15456,16653,915.0
ASR,FZR,16218,16235,195.0
ASR,FZR,16235,16238,525.0
ASR,JAT,16303,16219,480.0
ASR,JAT,16219,15619,240.0
ASR,JAT,15619,16230,285.0
ASR,JAT,16230,16189,45.0
ASR,SVDK,16220,15277,315.0
ASR,SVDK,15277,16222,75.0
ASR,JP,16236,16221,195.0
ASR,KOTA,16360,16222,870.0
ASR,INDB,16224,16218,390.0
ASR,INDB,16218,16417,45.0
ASR,INDB,16417,16237,480.0
ASR,INDB,16237,16247,390.0
ASR,GWL,16225,16360,45.0
ASR,GWL,16360,16132,720.0
ASR,GWL,16132,16239,345.0
ASR,GWL,16239,15334,45.0
ASR,ST,16219,16227,0.0
ASR,ST,16227,16474,45.0
ASR,ST,16474,16238,480.0
ASR,ST,16238,16223,195.0
ASR,RJT,15961,16474,195.0
ASR,RJT,16474,16229,285.0
ASR,PUNE,16220,16531,105.0
ASR,PUNE,16531,16230,285.0
ASR,PUNE,16230,16239,195.0
ASR,NGP,15391,15676,855.0
ASR,NGP,15676,16231,345.0
ASR,MAO,16232,16240,0.0
ASR,MAO,16240,15847,105.0
ASR,MAO,15847,16531,720.0
ASR,MYS,16232,16240,0.0
ASR,MYS,16240,16233,195.0
ASR,MYS,16233,16221,720.0
ASR,MYS,16221,16588,45.0
ASR,UBL,16224,16234,390.0
ASR,TVC,16417,16235,150.0
ASR,TVC,16235,16075,240.0
ASR,ERS,16241,16236,525.0
ASR,ERS,16236,16222,390.0
ASR,CBE,15448,16238,870.0
ASR,CBE,16238,16645,45.0
ASR,MDU,16241,16242,195.0
ASR,MDU,16242,16223,915.0
ASR,MDU,16223,16239,0.0
ASR,BBS,16240,16233,195.0
ASR,PURI,16225,16241,0.0
ASR,R,16224,16242,390.0
ASR,R,16242,16243,195.0
ASR,VSKP,16244,16588,240.0
ASR,VSKP,16588,15733,195.0
ASR,BZA,16225,16244,525.0
ASR,BZA,16244,16245,195.0
ASR,GHY,16303,16242,285.0
ASR,GHY,16242,15505,45.0
ASR,GHY,15505,16246,675.0
ASR,GHY,16246,16645,45.0
FZR,JAT,16248,16295,105.0
FZR,JAT,16295,15114,405.0
FZR,JAT,15114,15874,0.0
FZR,JAT,15874,15988,330.0
FZR,JAT,15988,16292,0.0
FZR,JAT,16292,16710,390.0
FZR,SVDK,16249,15665,120.0
FZR,SVDK,15665,16330,195.0
FZR,SVDK,16330,15380,330.0
FZR,SVDK,15380,16159,585.0
FZR,SVDK,16159,16311,0.0
FZR,JP,16352,16250,150.0
FZR,JP,16250,16274,0.0
FZR,JP,16274,15953,45.0
FZR,JP,15953,16026,75.0
FZR,JP,16026,15171,195.0
FZR,JP,15171,15836,135.0
FZR,JP,15836,16349,195.0
FZR,JP,16349,16255,270.0
FZR,JP,16255,16271,0.0
FZR,KOTA,16368,16251,465.0
FZR,KOTA,16251,16263,720.0
FZR,INDB,16256,15839,105.0
FZR,INDB,15839,16064,15.0
FZR,INDB,16064,16409,195.0
FZR,INDB,16409,16425,0.0
FZR,INDB,16425,16275,270.0
FZR,INDB,16275,15228,255.0
FZR,INDB,15228,16253,75.0
FZR,INDB,16253,15798,315.0
FZR,GWL,15532,16444,0.0
FZR,GWL,16444,16254,270.0
FZR,ST,16256,15383,105.0
FZR,ST,15383,15839,0.0
FZR,ST,15839,16295,0.0
FZR,ST,16295,16751,0.0
FZR,ST,16751,16257,90.0
FZR,ST,16257,15440,45.0
FZR,ST,15440,15896,0.0
FZR,ST,15896,16352,0.0
FZR,ST,16352,16409,75.0
FZR,ST,16409,15497,120.0
FZR,ST,15497,15953,0.0
FZR,ST,15953,16482,75.0
FZR,ST,16482,15098,120.0
FZR,ST,15098,15554,0.0
FZR,ST,15554,16010,0.0
FZR,ST,16010,16466,0.0
FZR,ST,16466,15627,75.0
FZR,ST,15627,16067,0.0
FZR,ST,16067,16276,15.0
FZR,ST,16276,15155,105.0
FZR,ST,15155,15611,0.0
FZR,ST,15611,16523,0.0
FZR,ST,16523,15212,135.0
FZR,ST,15212,15668,0.0
FZR,ST,15668,16124,0.0
FZR,ST,16124,16580,0.0
FZR,ST,16580,15437,75.0
FZR,ST,15437,16197,0.0
FZR,ST,16197,15269,120.0
FZR,ST,15269,15725,0.0
FZR,ST,15725,16181,0.0
FZR,ST,16181,16637,0.0
FZR,ST,16637,15326,195.0
FZR,ST,15326,15782,0.0
FZR,ST,15782,16238,0.0
FZR,ST,16238,16694,0.0
FZR,ST,16694,16311,75.0
FZR,RJT,16264,16520,120.0
FZR,RJT,16520,16258,270.0
FZR,RJT,16258,16523,435.0
FZR,PUNE,16256,15440,240.0
FZR,PUNE,15440,16258,150.0
FZR,PUNE,16258,16259,195.0
FZR,PUNE,16259,16539,120.0
FZR,NGP,16248,16260,720.0
FZR,NGP,16260,16558,510.0
FZR,MAO,16577,16261,600.0
FZR,MYS,16368,15722,390.0
FZR,MYS,15722,16259,75.0
FZR,MYS,16259,16140,255.0
FZR,MYS,16140,16580,120.0
FZR,MYS,16580,16262,150.0
FZR,MYS,16262,15342,120.0
FZR,UBL,16596,16263,465.0
FZR,TVC,16264,15304,120.0
FZR,TVC,15304,15760,0.0
FZR,TVC,15760,16216,0.0
FZR,TVC,16216,16672,0.0
FZR,TVC,16672,16273,75.0
FZR,TVC,16273,15361,120.0
FZR,TVC,15361,15817,0.0
FZR,TVC,15817,16729,0.0
FZR,TVC,16729,15418,195.0
FZR,TVC,15418,15874,0.0
FZR,TVC,15874,16330,0.0
FZR,TVC,16330,15475,195.0
FZR,TVC,15475,15931,0.0
FZR,TVC,15931,16235,0.0
FZR,TVC,16235,16387,0.0
FZR,TVC,16387,15532,135.0
FZR,TVC,15532,15988,0.0
FZR,TVC,15988,16292,0.0
FZR,TVC,16292,16444,0.0
FZR,TVC,16444,15133,195.0
FZR,TVC,15133,15589,0.0
FZR,TVC,15589,16045,0.0
FZR,TVC,16045,16501,0.0
FZR,TVC,16501,15190,195.0
FZR,TVC,15190,15494,0.0
FZR,TVC,15494,15646,0.0
FZR,TVC,15646,16102,0.0
FZR,TVC,16102,16558,0.0
FZR,TVC,16558,15247,195.0
FZR,TVC,15247,15703,0.0
FZR,TVC,15703,16159,0.0
FZR,TVC,16159,16615,0.0
FZR,MDU,16178,16268,210.0
FZR,MDU,16268,15684,120.0
FZR,MDU,15684,16596,0.0
FZR,MDU,16596,16261,75.0
FZR,MDU,16261,16349,120.0
FZR,MDU,16349,16653,0.0
FZR,MDU,16653,15399,390.0
FZR,PURI,15896,16010,390.0
FZR,PURI,16010,16466,0.0
FZR,PURI,16466,16523,195.0
FZR,PURI,16523,16270,285.0
FZR,R,16672,16352,120.0
FZR,R,16352,16274,150.0
FZR,R,16274,16262,720.0
FZR,R,16262,16181,45.0
FZR,R,16181,16271,150.0
FZR,VSKP,16273,16258,195.0
FZR,VSKP,16258,16634,120.0
FZR,VSKP,16634,15551,915.0
FZR,GHY,15456,16216,0.0
FZR,GHY,16216,16330,390.0
FZR,GHY,16330,16275,75.0
FZR,GHY,16275,16653,450.0
FZR,GHY,16653,15646,195.0
FZR,GHY,15646,16615,195.0
JAT,SVDK,22439,22440,0.0
JAT,SVDK,22440,16277,195.0
JAT,SVDK,16277,16279,390.0
JAT,JP,16344,16293,675.0
JAT,JP,16293,16278,195.0
JAT,KOTA,15432,16279,1065.0
JAT,ST,16280,16284,720.0
JAT,ST,16284,16295,585.0
JAT,RJT,16515,16286,285.0
JAT,PUNE,16296,15489,435.0
JAT,PUNE,15489,12192,285.0
JAT,PUNE,12192,16277,195.0
JAT,PUNE,16277,16287,390.0
JAT,PUNE,16287,16230,45.0
JAT,MAO,16289,16297,0.0
JAT,MAO,16297,16572,765.0
JAT,MYS,16289,16297,0.0
JAT,MYS,16297,15888,45.0
JAT,MYS,15888,16290,150.0
JAT,MYS,16290,16002,240.0
JAT,MYS,16002,16458,0.0
JAT,MYS,16458,16515,195.0
JAT,MYS,16515,16278,285.0
JAT,UBL,16281,16344,45.0
JAT,UBL,16344,16291,345.0
JAT,UBL,16291,16173,570.0
JAT,MDU,16280,16296,0.0
JAT,MDU,16296,16298,390.0
JAT,MDU,16298,16299,195.0
JAT,MDU,16299,15546,45.0
JAT,MDU,15546,16629,525.0
JAT,PURI,16282,16298,0.0
JAT,R,16281,16401,240.0
JAT,R,16401,16299,150.0
JAT,R,16299,16300,135.0
JAT,R,16300,16116,240.0
JAT,R,16116,16572,0.0
JAT,R,16572,15774,390.0
SVDK,UBL,16393,16108,525.0
SVDK,UBL,16108,16564,0.0
SVDK,UBL,16564,16318,150.0
SVDK,UBL,16318,15766,240.0
SVDK,TVC,16330,16319,915.0
SVDK,VSKP,16328,16735,105.0
SVDK,VSKP,16735,16315,480.0
SVDK,VSKP,16315,15139,240.0
SVDK,VSKP,15139,16678,525.0
JP,KOTA,16369,16027,390.0
JP,KOTA,16027,16332,15.0
JP,KOTA,16332,15172,120.0
JP,KOTA,15172,15837,195.0
JP,ST,16352,16337,195.0
JP,ST,16337,16483,510.0
JP,ST,16483,16333,210.0
JP,RJT,15761,16521,0.0
JP,RJT,16521,16339,270.0
JP,RJT,16339,16388,255.0
JP,RJT,16388,15286,390.0
JP,RJT,15286,16103,195.0
JP,PUNE,16353,16340,525.0
JP,PUNE,16340,16540,120.0
JP,PUNE,16540,16334,270.0
JP,NGP,16341,16556,45.0
JP,NGP,16556,16559,465.0
JP,MAO,16354,16342,720.0
JP,MYS,16346,16354,0.0
JP,MYS,16354,16578,120.0
JP,MYS,16578,15587,315.0
JP,MYS,15587,16335,480.0
JP,MYS,16335,16343,0.0
JP,UBL,16344,16369,315.0
JP,UBL,16369,16338,75.0
JP,UBL,16338,16578,120.0
JP,UBL,16578,15723,195.0
JP,UBL,15723,16141,330.0
JP,UBL,16141,16597,0.0
JP,UBL,16597,15343,390.0
JP,TVC,16616,16345,75.0
JP,TVC,16345,15929,240.0
JP,TVC,15929,16499,390.0
JP,TVC,16499,16613,330.0
JP,MDU,16008,16464,0.0
JP,MDU,16464,16337,75.0
JP,MDU,16337,16521,120.0
JP,MDU,16521,16730,195.0
JP,MDU,16730,16355,75.0
JP,MDU,16355,16356,135.0
JP,MDU,16356,16349,195.0
JP,MDU,16349,15134,315.0
JP,MDU,15134,15894,0.0
JP,MDU,15894,16654,0.0
JP,PURI,15815,15856,15.0
JP,PURI,15856,16339,465.0
JP,PURI,16339,16540,255.0
JP,PURI,16540,16556,120.0
JP,PURI,16556,16445,75.0
JP,PURI,16445,15245,120.0
JP,PURI,15245,16046,75.0
JP,PURI,16046,16351,75.0
JP,PURI,16351,15191,120.0
JP,R,16352,16271,105.0
JP,R,16271,15248,15.0
JP,R,15248,15704,0.0
JP,R,15704,16616,0.0
JP,R,16616,15305,195.0
JP,R,15305,15761,0.0
JP,R,15761,16217,0.0
JP,R,16217,16673,0.0
JP,R,16673,16338,75.0
JP,R,16338,15362,120.0
JP,R,15362,15818,0.0
JP,R,15818,16274,0.0
JP,R,16274,16730,0.0
JP,R,16730,15419,195.0
JP,R,15419,15875,0.0
JP,R,15875,16331,0.0
JP,R,16331,15476,135.0
JP,R,15476,15932,0.0
JP,R,15932,16388,0.0
JP,R,16388,16357,75.0
JP,R,16357,15533,120.0
JP,R,15533,15989,0.0
JP,R,15989,16445,0.0
JP,R,16445,15134,195.0
JP,R,15134,15590,0.0
JP,R,15590,16046,0.0
JP,R,16046,16502,0.0
JP,R,16502,16670,120.0
JP,R,16670,15191,75.0
JP,R,15191,15647,0.0
JP,R,15647,16103,0.0
JP,R,16103,16559,0.0
JP,VSKP,15248,16328,120.0
JP,VSKP,16328,16673,75.0
JP,VSKP,16673,16354,75.0
JP,VSKP,16354,15818,120.0
JP,VSKP,15818,16426,0.0
JP,VSKP,16426,16084,330.0
JP,VSKP,16084,15644,120.0
JP,VSKP,15644,16613,195.0
JP,VSKP,16613,16214,195.0
JP,VSKP,16214,16559,75.0
KOTA,ST,16362,15921,45.0
KOTA,ST,15921,16371,150.0
KOTA,ST,16371,12951,135.0
KOTA,ST,12951,12952,0.0
KOTA,ST,12952,12953,0.0
KOTA,ST,12953,12954,0.0
KOTA,ST,12954,16491,105.0
KOTA,RJT,16378,16364,330.0
KOTA,PUNE,16370,16434,240.0
KOTA,PUNE,16434,16372,90.0
KOTA,PUNE,16372,16035,105.0
KOTA,PUNE,16035,16365,90.0
KOTA,PUNE,16365,15180,45.0
KOTA,NGP,16362,16548,570.0
KOTA,NGP,16548,16366,150.0
KOTA,MYS,16368,15807,105.0
KOTA,MYS,15807,16373,810.0
KOTA,MYS,16373,16548,45.0
KOTA,MYS,16548,15237,195.0
KOTA,UBL,16263,16369,90.0
KOTA,TVC,16370,16605,765.0
KOTA,MDU,16374,16375,195.0
KOTA,PURI,16376,16662,1350.0
KOTA,R,16376,15351,105.0
KOTA,R,15351,16377,90.0
KOTA,R,16377,16149,960.0
KOTA,R,16149,16662,195.0
KOTA,VSKP,16379,16372,135.0
BPL,INDB,16426,16389,285.0
BPL,INDB,16389,16383,390.0
BPL,GWL,16384,15799,105.0
BPL,GWL,15799,12001,615.0
BPL,GWL,12001,12191,0.0
BPL,GWL,12191,12192,0.0
BPL,GWL,12192,15229,435.0
BPL,ST,16386,16394,0.0
BPL,ST,16394,14175,330.0
BPL,ST,14175,16483,105.0
BPL,ST,16483,16390,285.0
BPL,BRC,16312,16386,150.0
BPL,BRC,16386,16387,195.0
BPL,BRC,16387,15628,375.0
BPL,BRC,15628,16198,390.0
BPL,RJT,16388,15286,630.0
BPL,PUNE,12191,12192,0.0
BPL,PUNE,12192,16389,195.0
BPL,PUNE,16389,16540,45.0
BPL,PUNE,16540,16391,345.0
BPL,NGP,12433,12434,0.0
BPL,NGP,12434,12437,0.0
BPL,NGP,12437,12438,0.0
BPL,NGP,12438,12621,0.0
BPL,NGP,12621,12622,0.0
BPL,NGP,12622,12625,0.0
BPL,NGP,12625,12626,0.0
BPL,NGP,12626,12723,0.0
BPL,NGP,12723,12724,0.0
BPL,NGP,12724,22691,0.0
BPL,NGP,22691,22692,0.0
BPL,NGP,22692,16390,390.0
BPL,MYS,16392,16403,585.0
BPL,UBL,15343,16393,90.0
BPL,UBL,16393,16369,240.0
BPL,UBL,16369,16395,150.0
BPL,UBL,16395,16141,570.0
BPL,UBL,16141,16597,0.0
BPL,TVC,16394,16387,195.0
BPL,TVC,16387,12625,135.0
BPL,TVC,12625,12626,0.0
BPL,ERS,16393,16395,390.0
BPL,ERS,16395,12625,135.0
BPL,ERS,12625,12626,0.0
BPL,CBE,15970,12625,90.0
BPL,CBE,12625,12626,0.0
BPL,CBE,12626,16483,105.0
BPL,CBE,16483,16397,90.0
BPL,MDU,16394,16398,720.0
BPL,MDU,16398,16654,240.0
BPL,PURI,16400,15856,240.0
BPL,PURI,15856,16396,480.0
BPL,PURI,16396,16540,240.0
BPL,R,16401,16395,390.0
BPL,R,16395,16388,135.0
BPL,VSKP,16403,16426,45.0
BPL,VSKP,16426,16084,330.0
BPL,BZA,12433,12434,0.0
BPL,BZA,12434,12621,0.0
BPL,BZA,12621,12622,0.0
BPL,BZA,12622,12625,0.0
BPL,BZA,12625,12626,0.0
BPL,BZA,12626,16396,0.0
BPL,BZA,16396,16404,0.0
INDB,ST,16256,16409,75.0
INDB,ST,16409,16428,525.0
INDB,ST,16428,16475,105.0
INDB,ST,16475,16484,15.0
INDB,ST,16484,15534,390.0
INDB,RJT,16313,16522,195.0
INDB,RJT,16522,16411,75.0
INDB,RJT,16411,15629,450.0
INDB,RJT,15629,15439,390.0
INDB,RJT,15439,16199,0.0
INDB,PUNE,15344,15800,0.0
INDB,PUNE,15800,16104,0.0
INDB,PUNE,16104,16256,0.0
INDB,PUNE,16256,16712,0.0
INDB,PUNE,16712,15401,195.0
INDB,PUNE,15401,15857,0.0
INDB,PUNE,15857,16313,0.0
INDB,PUNE,16313,16410,75.0
INDB,PUNE,16410,15458,120.0
INDB,PUNE,15458,15762,0.0
INDB,PUNE,15762,15914,0.0
INDB,PUNE,15914,16370,0.0
INDB,PUNE,16370,16427,75.0
INDB,PUNE,16427,15962,45.0
INDB,PUNE,15962,15515,75.0
INDB,PUNE,15515,15971,0.0
INDB,PUNE,15971,16412,15.0
INDB,PUNE,16412,16475,105.0
INDB,PUNE,16475,15116,15.0
INDB,PUNE,15116,15572,0.0
INDB,PUNE,15572,16028,0.0
INDB,PUNE,16028,16484,0.0
INDB,PUNE,16484,16429,75.0
INDB,PUNE,16429,16532,45.0
INDB,PUNE,16532,15173,75.0
INDB,PUNE,15173,15629,0.0
INDB,PUNE,15629,16085,0.0
INDB,PUNE,16085,16389,0.0
INDB,PUNE,16389,16541,0.0
INDB,PUNE,16541,15230,195.0
INDB,PUNE,15230,15686,0.0
INDB,PUNE,15686,16142,0.0
INDB,PUNE,16142,16598,0.0
INDB,PUNE,16598,15287,195.0
INDB,PUNE,15287,15743,0.0
INDB,PUNE,15743,16199,0.0
INDB,PUNE,16199,16655,0.0
INDB,NGP,16560,16419,465.0
INDB,NGP,16419,16413,330.0
INDB,MAO,15392,16411,345.0
INDB,MAO,16411,16414,525.0
INDB,MAO,16414,15677,45.0
INDB,MYS,15848,16411,345.0
INDB,MYS,16411,16579,120.0
INDB,MYS,16579,16532,255.0
INDB,MYS,16532,16589,195.0
INDB,MYS,16589,16415,150.0
INDB,UBL,16416,16598,1230.0
INDB,TVC,15344,16417,75.0
INDB,TVC,16417,16370,315.0
INDB,TVC,16370,16579,195.0
INDB,TVC,16579,15724,135.0
INDB,TVC,15724,16142,390.0
INDB,MDU,15449,15971,390.0
INDB,MDU,15971,16412,15.0
INDB,MDU,16412,16484,120.0
INDB,MDU,16484,16413,75.0
INDB,MDU,16413,16421,0.0
INDB,MDU,16421,15933,120.0
INDB,MDU,15933,16503,390.0
INDB,PURI,15401,16180,525.0
INDB,PURI,16180,15686,390.0
INDB,PURI,15686,16598,0.0
INDB,PURI,16598,16423,75.0
INDB,PURI,16423,16351,120.0
INDB,PURI,16351,16655,0.0
INDB,R,16424,15192,120.0
INDB,R,15192,15857,195.0
INDB,R,15857,16541,720.0
INDB,R,16541,16414,75.0
INDB,R,16414,16446,120.0
INDB,R,16446,16047,195.0
INDB,VSKP,16426,16429,525.0
GWL,ST,16451,16431,720.0
GWL,ST,16431,16447,0.0
GWL,RJT,16433,16435,390.0
GWL,RJT,16435,16524,375.0
GWL,PUNE,16448,15327,105.0
GWL,PUNE,15327,15783,0.0
GWL,PUNE,15783,16239,0.0
GWL,PUNE,16239,16695,0.0
GWL,PUNE,16695,15384,135.0
GWL,PUNE,15384,16296,0.0
GWL,PUNE,16296,16752,0.0
GWL,PUNE,16752,16434,150.0
GWL,PUNE,16434,15441,45.0
GWL,PUNE,15441,15897,0.0
GWL,PUNE,15897,16353,0.0
GWL,PUNE,16353,15498,195.0
GWL,PUNE,15498,15954,0.0
GWL,PUNE,15954,16410,0.0
GWL,PUNE,16410,12191,90.0
GWL,PUNE,12191,12192,0.0
GWL,PUNE,12192,15099,105.0
GWL,PUNE,15099,15555,0.0
GWL,PUNE,15555,16011,0.0
GWL,PUNE,16011,16467,0.0
GWL,PUNE,16467,15156,135.0
GWL,PUNE,15156,15612,0.0
GWL,PUNE,15612,16068,0.0
GWL,PUNE,16068,16524,0.0
GWL,PUNE,16524,15213,195.0
GWL,PUNE,15213,15669,0.0
GWL,PUNE,15669,16125,0.0
GWL,PUNE,16125,16581,0.0
GWL,PUNE,16581,15270,195.0
GWL,PUNE,15270,15726,0.0
GWL,PUNE,15726,16182,0.0
GWL,PUNE,16182,16638,0.0
GWL,NGP,15441,16435,150.0
GWL,MYS,16449,16437,720.0
GWL,MYS,16437,16430,195.0
GWL,MYS,16430,16581,45.0
GWL,TVC,16444,16439,585.0
GWL,MDU,16432,16239,105.0
GWL,MDU,16239,16296,135.0
GWL,MDU,16296,16443,345.0
GWL,MDU,16443,16451,0.0
GWL,MDU,16451,15498,45.0
GWL,MDU,15498,16638,720.0
GWL,R,16433,15897,240.0
GWL,R,15897,16011,390.0
GWL,R,16011,16467,0.0
GWL,R,16467,16445,90.0
GWL,R,16445,16524,45.0
GWL,R,16524,16446,150.0
ADI,ST,16466,12010,330.0
ADI,ST,12010,16452,0.0
ADI,BRC,12010,16453,195.0
ADI,RJT,16516,16454,150.0
ADI,RJT,16454,15718,240.0
ADI,PUNE,16467,16455,720.0
ADI,NGP,16456,16231,105.0
ADI,NGP,16231,16288,135.0
ADI,NGP,16288,15490,390.0
ADI,MAO,16457,16468,525.0
ADI,MAO,16468,16573,435.0
ADI,MYS,16458,16460,330.0
ADI,MYS,16460,16468,0.0
ADI,UBL,15889,16459,150.0
ADI,UBL,16459,16452,135.0
ADI,UBL,16452,16003,105.0
ADI,UBL,16003,16516,135.0
ADI,TVC,16345,16460,285.0
ADI,TVC,16460,16174,630.0
ADI,ERS,16461,16469,0.0
ADI,CLT,16462,16630,240.0
ADI,MDU,16464,16469,915.0
ADI,MDU,16469,16470,195.0
ADI,BBS,16465,15547,630.0
ADI,BBS,15547,16461,90.0
ADI,BBS,16461,16630,435.0
ADI,PURI,16466,16453,525.0
ADI,R,16467,16452,135.0
ADI,R,16452,16471,585.0
ADI,BSP,15775,16402,525.0
ADI,BSP,16402,16468,90.0
ADI,BSP,16468,16117,435.0
ADI,BSP,16117,16573,0.0
ADI,BZA,16472,16453,915.0
ADI,BZA,16453,16470,195.0
ADI,GHY,16470,16471,195.0
ADI,AGTL,16472,16462,1110.0
ST,UBL,16479,16599,120.0
ST,TVC,16480,15767,105.0
ST,TVC,15767,16394,525.0
ST,TVC,16394,12431,90.0
ST,TVC,12431,12432,0.0
ST,TVC,12432,16109,435.0
ST,TVC,16109,16565,0.0
ST,VSKP,16679,16489,90.0
ST,VSKP,16489,15938,435.0
ST,VSKP,15938,16508,330.0
ST,VSKP,16508,16486,150.0
BRC,PUNE,16505,16494,915.0
BRC,NGP,16557,16495,150.0
BRC,MAO,16496,12617,720.0
BRC,MAO,12617,12618,0.0
BRC,MYS,16497,16506,195.0
BRC,UBL,16498,16509,525.0
BRC,UBL,16509,15588,45.0
BRC,TVC,16499,16501,330.0
BRC,TVC,16501,16614,435.0
BRC,ERS,16507,15930,45.0
BRC,ERS,15930,12617,90.0
BRC,ERS,12617,12618,0.0
BRC,ERS,12618,16500,0.0
BRC,ERS,16500,16493,195.0
BRC,CLT,16728,16501,675.0
BRC,CLT,16501,15132,45.0
BRC,MDU,16508,16443,105.0
BRC,MDU,16443,16044,135.0
BRC,MDU,16044,15189,195.0
BRC,MDU,15189,16503,150.0
BRC,PURI,16505,16510,915.0
BRC,R,16671,15816,135.0
BRC,R,15816,16506,150.0
BRC,R,16506,16509,525.0
BRC,R,16509,16502,195.0
BRC,R,16502,16557,45.0
BRC,R,16557,15246,195.0
BRC,BSP,16272,16507,345.0
BRC,BSP,16507,16494,525.0
BRC,BZA,16215,16329,330.0
BRC,BZA,16329,16509,480.0
BRC,BZA,16509,16510,195.0
BRC,BZA,16510,15645,45.0
BRC,BZA,15645,16614,195.0
BRC,GHY,15303,16671,0.0
BRC,GHY,16671,16510,1005.0
RJT,UBL,15808,16516,480.0
RJT,UBL,16516,16549,435.0
RJT,UBL,16549,15238,195.0
RJT,TVC,16264,16517,675.0
RJT,TVC,16517,16606,435.0
PUNE,UBL,16600,16533,795.0
PUNE,UBL,16533,16598,435.0
PUNE,TVC,15344,16370,390.0
PUNE,TVC,16370,16534,480.0
PUNE,TVC,16534,16142,240.0
PUNE,PURI,16655,16505,210.0
PUNE,PURI,16505,15401,120.0
PUNE,PURI,15401,16540,285.0
PUNE,PURI,16540,15973,315.0
PUNE,PURI,15973,16486,195.0
PUNE,PURI,16486,15686,120.0
PUNE,PURI,15686,16598,0.0
PUNE,PURI,16598,15935,75.0
PUNE,R,15137,15897,0.0
PUNE,R,15897,15857,120.0
PUNE,R,15857,16011,270.0
PUNE,R,16011,16467,0.0
PUNE,R,16467,16524,135.0
PUNE,R,16524,16541,75.0
PUNE,R,16541,16733,120.0
PUNE,VSKP,15232,15688,0.0
PUNE,VSKP,15688,16144,0.0
PUNE,VSKP,16144,16448,0.0
PUNE,VSKP,16448,16600,0.0
PUNE,VSKP,16600,15289,195.0
PUNE,VSKP,15289,15745,0.0
PUNE,VSKP,15745,16049,0.0
PUNE,VSKP,16049,16201,0.0
PUNE,VSKP,16201,16657,0.0
PUNE,VSKP,16657,15194,195.0
PUNE,VSKP,15194,15346,0.0
PUNE,VSKP,15346,15802,0.0
PUNE,VSKP,15802,16258,0.0
PUNE,VSKP,16258,16714,0.0
PUNE,VSKP,16714,15403,195.0
PUNE,VSKP,15403,15859,0.0
PUNE,VSKP,15859,16315,0.0
PUNE,VSKP,16315,15460,135.0
PUNE,VSKP,15460,15916,0.0
PUNE,VSKP,15916,16372,0.0
PUNE,VSKP,16372,15517,195.0
PUNE,VSKP,15517,15973,0.0
PUNE,VSKP,15973,16429,0.0
PUNE,VSKP,16429,15118,195.0
PUNE,VSKP,15118,15574,0.0
PUNE,VSKP,15574,16030,0.0
PUNE,VSKP,16030,16486,0.0
PUNE,VSKP,16486,16543,75.0
PUNE,VSKP,16543,15175,120.0
PUNE,VSKP,15175,15631,0.0
PUNE,VSKP,15631,16087,0.0
NGP,UBL,15849,16549,480.0
NGP,UBL,16549,16533,240.0
NGP,TVC,12625,12626,0.0
NGP,TVC,12626,16550,390.0
NGP,TVC,16550,16558,0.0
NGP,R,16547,16557,330.0
NGP,R,16557,16559,390.0
MAO,MYS,15271,15727,0.0
MAO,MYS,15727,16183,0.0
MAO,MYS,16183,16639,0.0
MAO,MYS,16639,15328,135.0
MAO,MYS,15328,15784,0.0
MAO,MYS,15784,16240,0.0
MAO,MYS,16240,16696,0.0
MAO,MYS,16696,15385,195.0
MAO,MYS,15385,15841,0.0
MAO,MYS,15841,16297,0.0
MAO,MYS,16297,16753,0.0
MAO,MYS,16753,16563,150.0
MAO,MYS,16563,15898,45.0
MAO,MYS,15898,16354,0.0
MAO,MYS,16354,15499,195.0
MAO,MYS,15499,15955,0.0
MAO,MYS,15955,16411,0.0
MAO,MYS,16411,15100,135.0
MAO,MYS,15100,15556,0.0
MAO,MYS,15556,16012,0.0
MAO,MYS,16012,16468,0.0
MAO,MYS,16468,16574,150.0
MAO,MYS,16574,15157,45.0
MAO,MYS,15157,15613,0.0
MAO,MYS,15613,16069,0.0
MAO,MYS,16069,16525,0.0
MAO,MYS,16525,16582,75.0
MAO,MYS,16582,15214,120.0
MAO,MYS,15214,15670,0.0
MAO,MYS,15670,16126,0.0
MAO,UBL,16564,16566,390.0
MAO,TVC,12431,12432,0.0
MAO,TVC,12432,16565,195.0
MAO,MDU,16569,16565,720.0
MAO,PURI,16571,16567,720.0
MAO,R,16572,16566,390.0
MAO,VSKP,16183,16354,525.0
MAO,VSKP,16354,16574,480.0
MYS,UBL,16601,16578,75.0
MYS,TVC,16579,15890,45.0
MYS,TVC,15890,16004,330.0
MYS,TVC,16004,16460,0.0
MYS,TVC,16460,16517,195.0
MYS,PURI,16631,16585,90.0
MYS,PURI,16585,15548,765.0
MYS,R,15936,16585,75.0
MYS,R,16585,16586,195.0
MYS,R,16586,16506,120.0
MYS,R,16506,15974,720.0
MYS,R,15974,16487,195.0
MYS,VSKP,15776,15689,75.0
MYS,VSKP,15689,16601,0.0
MYS,VSKP,16601,16354,195.0
MYS,VSKP,16354,16658,0.0
MYS,VSKP,16658,16588,210.0
MYS,VSKP,16588,16403,105.0
MYS,VSKP,16403,15404,15.0
MYS,VSKP,15404,16677,195.0
MYS,VSKP,16677,16118,315.0
MYS,VSKP,16118,16574,0.0
MYS,VSKP,16574,16183,75.0
UBL,VSKP,16600,16601,195.0
TVC,VSKP,16273,16613,600.0
ERS,MDU,15272,15296,0.0
ERS,MDU,15296,15728,0.0
ERS,MDU,15728,16184,0.0
ERS,MDU,16184,16640,0.0
ERS,MDU,16640,15329,195.0
ERS,MDU,15329,15785,0.0
ERS,MDU,15785,16241,0.0
ERS,MDU,16241,16697,0.0
ERS,MDU,16697,15386,195.0
ERS,MDU,15386,15842,0.0
ERS,MDU,15842,16146,0.0
ERS,MDU,16146,16298,0.0
ERS,MDU,16298,16754,0.0
ERS,MDU,16754,16619,75.0
ERS,MDU,16619,15443,120.0
ERS,MDU,15443,15899,0.0
ERS,MDU,15899,16355,0.0
ERS,MDU,16355,15348,135.0
ERS,MDU,15348,15500,0.0
ERS,MDU,15500,15956,0.0
ERS,MDU,15956,16412,0.0
ERS,MDU,16412,15101,195.0
ERS,MDU,15101,15557,0.0
ERS,MDU,15557,16013,0.0
ERS,MDU,16013,16469,0.0
ERS,MDU,16469,16622,75.0
ERS,MDU,16622,15158,120.0
ERS,MDU,15158,15614,0.0
ERS,MDU,15614,16070,0.0
ERS,MDU,16070,16374,0.0
ERS,MDU,16374,16526,0.0
ERS,MDU,16526,15215,195.0
ERS,MDU,15215,15671,0.0
ERS,MDU,15671,16127,0.0
ERS,MDU,16127,16583,0.0
ERS,PURI,16624,16640,120.0
ERS,PURI,16640,16664,120.0
ERS,PURI,16664,16241,75.0
ERS,PURI,16241,16298,195.0
ERS,PURI,16298,15595,195.0
ERS,PURI,15595,15500,135.0
ERS,PURI,15500,16621,75.0
ERS,R,16622,16623,195.0
ERS,VSKP,16624,16151,105.0
ERS,VSKP,16151,16664,135.0
ERS,VSKP,16664,15353,195.0
ERS,VSKP,15353,15139,270.0
ERS,VSKP,15139,15899,0.0
ERS,VSKP,15899,16379,120.0
ERS,VSKP,16379,16013,210.0
ERS,VSKP,16013,16469,0.0
ERS,VSKP,16469,16526,195.0
ERS,VSKP,16526,16678,0.0
ERS,VSKP,16678,16735,195.0
ERS,GHY,16545,16626,75.0
ERS,GHY,16626,16450,120.0
ERS,GHY,16450,16051,195.0
ERS,GHY,16051,15196,135.0
ERS,GHY,15196,15861,195.0
ERS,GHY,15861,16678,195.0
CLT,R,16632,15687,105.0
CLT,R,15687,16599,0.0
CLT,R,16599,16656,135.0
CLT,R,16656,15402,390.0
CLT,GHY,16636,16428,240.0
CLT,GHY,16428,16086,390.0
CBE,MDU,16640,16641,195.0
CBE,MDU,16641,16648,45.0
CBE,MDU,16648,16638,870.0
CBE,PURI,16640,16648,240.0
CBE,PURI,16648,15451,585.0
CBE,R,16641,16642,195.0
CBE,GHY,16641,16645,720.0
MDU,PURI,16648,16640,240.0
MDU,PURI,16640,16241,195.0
MDU,PURI,16241,16298,195.0
MDU,PURI,16298,15500,330.0
MDU,R,16649,16641,120.0
MDU,R,16641,16242,195.0
MDU,R,16242,16299,195.0
MDU,R,16299,15596,135.0
MDU,R,15596,15501,195.0
MDU,R,15501,16622,195.0
MDU,VSKP,15976,16489,195.0
MDU,VSKP,16489,15938,195.0
MDU,VSKP,15938,16651,75.0
MDU,VSKP,16651,15899,240.0
MDU,VSKP,15899,16508,15.0
MDU,VSKP,16508,16013,315.0
MDU,VSKP,16013,16469,0.0
MDU,VSKP,16469,16526,195.0
MDU,VSKP,16526,16679,75.0
BBS,PURI,12801,12802,0.0
BBS,PURI,12802,20836,0.0
BBS,PURI,20836,22895,0.0
BBS,PURI,22895,22896,0.0
BBS,PURI,22896,16655,585.0
BBS,R,16656,16632,240.0
BBS,R,16632,16661,675.0
BBS,R,16661,15549,240.0
BBS,VSKP,16657,16658,195.0
BBS,BZA,16119,16575,0.0
BBS,BZA,16575,15777,330.0
BBS,BZA,15777,16659,150.0
BBS,BZA,16659,16404,375.0
PURI,VSKP,16664,16624,240.0
PURI,VSKP,16624,15598,1110.0
R,VSKP,16559,15248,135.0
R,VSKP,15248,16673,195.0
R,VSKP,16673,15818,195.0
R,VSKP,15818,16669,285.0
BSP,BZA,16152,16674,150.0
BSP,BZA,16674,16665,45.0
BSP,BZA,16665,15354,195.0
BSP,BZA,15354,16380,330.0
BZA,GHY,16680,15978,510.0
BZA,GHY,15978,16491,195.0
BZA,GHY,16491,15940,135.0
BZA,GHY,15940,16510,390.0
